date,Hamburg-Altona,Hamburg Dammtor,Hamburg Hbf,Hamburg-Harburg,Bremen Hbf,Osnabrück Hbf,Münster(Westf)Hbf,Gelsenkirchen Hbf,Essen Hbf,Duisburg Hbf,Düsseldorf Hbf,Köln Hbf,Bonn Hbf,Koblenz Hbf,Mainz Hbf,Mannheim Hbf,Karlsruhe Hbf,Baden-Baden,Freiburg(Breisgau) Hbf,Basel Bad Bf,Basel SBB,Zürich HB
2019-01-01,,,,,,,,,,,,,,,0.0,8.0,8.0,7.0,2.0,1.0,1.0,0.0
2019-01-02,,,1.0,4.0,5.0,2.0,2.0,1.0,1.0,2.0,2.0,0.0,2.0,0.0,14.0,14.0,18.0,18.0,17.0,17.0,17.0,0.0
2019-01-03,1.0,0.0,0.0,2.0,1.0,0.0,2.0,1.0,1.0,5.0,5.0,3.0,2.0,1.0,12.0,13.0,13.0,14.0,13.0,13.0,13.0,0.0
2019-01-04,1.0,0.0,1.0,3.0,8.0,8.0,9.0,2.0,4.0,4.0,5.0,4.0,3.0,3.0,20.0,24.0,23.0,23.0,17.0,16.0,14.0,
2019-01-05,,,,,,,,,,,,,7.0,6.0,4.0,7.0,8.0,8.0,,,,
2019-01-06,0.0,1.0,1.0,2.0,0.0,0.0,1.0,0.0,1.0,1.0,2.0,1.0,1.0,0.0,5.0,6.0,11.0,9.0,5.0,1.0,1.0,1.0
2019-01-07,,,,,,,,,,,,,,,,,,,,,,5.0
2019-01-08,,,,,,,,,,,,2.0,2.0,2.0,1.0,1.0,0.0,1.0,1.0,1.0,1.0,3.0
2019-01-09,,,,,,,,0.0,1.0,1.0,4.0,6.0,5.0,4.0,5.0,4.0,2.0,2.0,1.0,13.0,13.0,
2019-01-10,1.0,1.0,0.0,3.0,5.0,6.0,7.0,1.0,3.0,3.0,4.0,4.0,4.0,3.0,2.0,11.0,14.0,15.0,16.0,15.0,,0.0
2019-01-11,1.0,2.0,2.0,2.0,3.0,7.0,7.0,3.0,2.0,3.0,3.0,5.0,6.0,9.0,6.0,9.0,9.0,10.0,8.0,12.0,12.0,
2019-01-12,,,,,,,,,,,,,,,,,,,,,,0.0
2019-01-13,,,,,,1.0,2.0,0.0,0.0,0.0,1.0,0.0,2.0,0.0,5.0,2.0,1.0,,,,,0.0
2019-01-14,1.0,1.0,1.0,2.0,2.0,1.0,1.0,0.0,1.0,3.0,4.0,4.0,6.0,5.0,3.0,8.0,9.0,8.0,,,,
2019-01-15,,,,,,,,,,,,,,,,,,,,,,
2019-01-16,0.0,1.0,1.0,2.0,0.0,0.0,1.0,0.0,0.0,1.0,2.0,3.0,,,,,3.0,3.0,2.0,1.0,1.0,2.0
2019-01-17,,,,,,,,,,,,,,,,,,,10.0,8.0,8.0,0.0
2019-01-18,,,,,,,,,,,,,,,,,,,,,5.0,
2019-01-19,0.0,2.0,3.0,3.0,1.0,0.0,3.0,0.0,0.0,1.0,1.0,2.0,1.0,2.0,,,,,,,,0.0
2019-01-20,,,,,,,,,,,,,,,13.0,7.0,8.0,9.0,8.0,2.0,2.0,0.0
2019-01-21,,,,,,12.0,13.0,8.0,9.0,10.0,12.0,16.0,20.0,18.0,32.0,36.0,34.0,32.0,29.0,27.0,27.0,0.0
2019-01-22,0.0,0.0,0.0,4.0,,,,,,,,,20.0,26.0,27.0,28.0,26.0,28.0,25.0,,,0.0
2019-01-23,0.0,1.0,1.0,2.0,6.0,,,,,,,,,,,,7.0,6.0,2.0,0.0,0.0,0.0
2019-01-24,,,,,0.0,1.0,0.0,0.0,1.0,1.0,3.0,1.0,2.0,,,,,,,,,
2019-01-25,,,,,,1.0,7.0,1.0,1.0,2.0,2.0,1.0,8.0,15.0,,,,,,,,
2019-01-26,1.0,1.0,1.0,4.0,4.0,6.0,6.0,0.0,,,,,,,,,,,,,,
2019-01-27,,,,,,13.0,10.0,0.0,1.0,1.0,3.0,2.0,2.0,2.0,4.0,2.0,4.0,2.0,,,,
2019-01-28,,,,2.0,0.0,0.0,1.0,2.0,2.0,2.0,3.0,6.0,6.0,5.0,3.0,2.0,0.0,3.0,,,,0.0
2019-01-29,,,,,,,,,,,,,,,,,,2.0,0.0,8.0,6.0,0.0
2019-01-30,0.0,1.0,8.0,14.0,13.0,,,,,,,,,,,,,,,,,0.0
2019-01-31,1.0,0.0,0.0,2.0,0.0,,,,,,,,,,,,,,,,,0.0
2019-02-01,0.0,6.0,5.0,7.0,4.0,3.0,8.0,5.0,6.0,18.0,18.0,16.0,15.0,15.0,11.0,10.0,,,,,,
2019-02-02,,,,,12.0,11.0,10.0,0.0,0.0,0.0,3.0,3.0,5.0,4.0,3.0,5.0,3.0,2.0,0.0,,,
2019-02-03,,,0.0,4.0,0.0,0.0,4.0,0.0,0.0,0.0,0.0,,,,,13.0,18.0,17.0,13.0,7.0,7.0,8.0
2019-02-04,1.0,0.0,1.0,3.0,3.0,3.0,3.0,0.0,2.0,2.0,3.0,4.0,5.0,,4.0,12.0,22.0,16.0,14.0,12.0,11.0,4.0
2019-02-05,,,,,22.0,22.0,27.0,24.0,25.0,28.0,26.0,23.0,23.0,30.0,29.0,,,,,,,8.0
2019-02-06,0.0,0.0,0.0,2.0,0.0,,,,,,,,,,,,,,,,,0.0
2019-02-07,1.0,4.0,4.0,7.0,7.0,,,,,,,,,,,,,,,,,0.0
2019-02-08,1.0,2.0,0.0,7.0,,,,,,,,,,,,,,,,,,0.0
2019-02-09,,,,,,,,,,,,,,,,,,,30.0,25.0,27.0,0.0
2019-02-10,0.0,0.0,0.0,2.0,0.0,2.0,5.0,,,,,,7.0,6.0,10.0,16.0,18.0,19.0,17.0,,,
2019-02-11,,,,,,3.0,4.0,0.0,2.0,4.0,4.0,6.0,6.0,4.0,2.0,,,,,,,
2019-02-12,,,,,3.0,0.0,0.0,3.0,2.0,0.0,0.0,0.0,8.0,,10.0,10.0,10.0,9.0,4.0,2.0,2.0,0.0
2019-02-13,0.0,0.0,0.0,2.0,0.0,0.0,0.0,4.0,4.0,3.0,11.0,35.0,26.0,25.0,27.0,25.0,25.0,38.0,37.0,45.0,44.0,31.0
2019-02-14,0.0,0.0,0.0,3.0,3.0,0.0,,,,,,,,,,,,,,,,0.0
2019-02-15,0.0,3.0,3.0,5.0,3.0,0.0,3.0,0.0,0.0,0.0,2.0,8.0,25.0,24.0,45.0,56.0,54.0,55.0,60.0,57.0,60.0,0.0
2019-02-16,,,,,,,0.0,0.0,0.0,0.0,0.0,2.0,12.0,11.0,11.0,5.0,8.0,,,7.0,7.0,3.0
2019-02-17,,,,,,,,,,,,,,,2.0,4.0,5.0,4.0,0.0,0.0,0.0,4.0
2019-02-18,1.0,2.0,2.0,2.0,2.0,0.0,4.0,2.0,2.0,2.0,2.0,9.0,11.0,,,,,,,,4.0,3.0
2019-02-19,0.0,0.0,0.0,3.0,2.0,,,,,,,,,,,,,,,,,0.0
2019-02-20,,,,,2.0,0.0,0.0,0.0,0.0,2.0,2.0,2.0,18.0,18.0,22.0,26.0,27.0,27.0,28.0,29.0,30.0,0.0
2019-02-21,1.0,0.0,0.0,3.0,6.0,,,,,,,,,,,,,,,,,0.0
2019-02-22,1.0,2.0,3.0,7.0,3.0,0.0,0.0,5.0,,26.0,41.0,42.0,45.0,48.0,46.0,60.0,63.0,67.0,62.0,62.0,62.0,0.0
2019-02-23,,,,,,,3.0,0.0,0.0,0.0,2.0,0.0,3.0,0.0,,,2.0,3.0,0.0,0.0,0.0,0.0
2019-02-24,0.0,0.0,0.0,2.0,3.0,0.0,0.0,0.0,0.0,0.0,0.0,0.0,0.0,0.0,,3.0,2.0,3.0,0.0,0.0,4.0,0.0
2019-02-25,,,2.0,3.0,0.0,0.0,0.0,0.0,0.0,0.0,0.0,2.0,12.0,11.0,24.0,30.0,27.0,,,,,
2019-02-26,1.0,0.0,0.0,2.0,2.0,0.0,0.0,0.0,0.0,2.0,0.0,4.0,4.0,2.0,2.0,,,,,,,2.0
2019-02-27,1.0,0.0,0.0,3.0,3.0,0.0,,,,,,,,,,,,,,,,0.0
2019-02-28,0.0,1.0,0.0,2.0,,,,,,,,,,,,,,,,,,0.0
2019-03-01,1.0,0.0,0.0,4.0,4.0,,,,,,,,,,,,,,,,,0.0
2019-03-02,2.0,0.0,0.0,3.0,0.0,0.0,6.0,,,,,,,,,,,,,,,
2019-03-03,0.0,0.0,0.0,2.0,2.0,,,,,,,,,,,,,,,,,0.0
2019-03-04,1.0,0.0,0.0,2.0,,,,,,,,,,,,,,,,,,0.0
2019-03-05,,,,,,,,,,,,,,,23.0,25.0,28.0,30.0,32.0,32.0,30.0,6.0
2019-03-06,0.0,0.0,0.0,2.0,7.0,5.0,5.0,0.0,0.0,0.0,0.0,16.0,17.0,,,,,,,,46.0,2.0
2019-03-07,1.0,0.0,0.0,2.0,,,,,,,,,,,,,,,,,,0.0
2019-03-08,1.0,2.0,0.0,3.0,2.0,2.0,4.0,0.0,,,,4.0,8.0,10.0,11.0,30.0,45.0,50.0,51.0,48.0,47.0,
2019-03-09,,,,0.0,2.0,0.0,0.0,0.0,,0.0,0.0,0.0,8.0,12.0,24.0,19.0,30.0,37.0,40.0,45.0,44.0,
2019-03-10,,,,0.0,0.0,0.0,2.0,0.0,,0.0,0.0,2.0,5.0,4.0,28.0,139.0,157.0,161.0,163.0,163.0,166.0,
2019-03-11,,,,0.0,,,,,,0.0,,,,,,,44.0,57.0,53.0,65.0,71.0,
2019-03-12,,,,0.0,0.0,0.0,0.0,0.0,0.0,0.0,0.0,30.0,38.0,39.0,43.0,41.0,39.0,41.0,36.0,39.0,44.0,
2019-03-13,,,,,0.0,0.0,0.0,,,0.0,2.0,3.0,6.0,9.0,8.0,6.0,5.0,4.0,13.0,13.0,18.0,
2019-03-14,,,,0.0,2.0,9.0,11.0,4.0,9.0,10.0,11.0,11.0,12.0,14.0,16.0,28.0,28.0,29.0,32.0,33.0,39.0,
2019-03-15,,,,0.0,0.0,0.0,2.0,0.0,2.0,5.0,11.0,11.0,14.0,13.0,25.0,28.0,29.0,34.0,30.0,33.0,36.0,
2019-03-16,,,,0.0,2.0,3.0,6.0,0.0,0.0,2.0,3.0,2.0,5.0,10.0,10.0,10.0,12.0,23.0,20.0,18.0,17.0,
2019-03-17,,,,0.0,0.0,3.0,0.0,0.0,4.0,1.0,2.0,5.0,8.0,9.0,8.0,5.0,8.0,6.0,6.0,22.0,20.0,
2019-03-18,,,,0.0,2.0,0.0,0.0,0.0,10.0,10.0,17.0,17.0,20.0,31.0,31.0,32.0,40.0,41.0,41.0,43.0,54.0,
2019-03-19,,,,0.0,3.0,0.0,2.0,3.0,3.0,3.0,4.0,5.0,7.0,4.0,8.0,6.0,9.0,10.0,6.0,6.0,7.0,
2019-03-20,,,,0.0,0.0,0.0,0.0,0.0,2.0,2.0,2.0,0.0,4.0,7.0,7.0,6.0,6.0,8.0,5.0,5.0,3.0,
2019-03-21,,,,0.0,0.0,6.0,7.0,0.0,0.0,2.0,0.0,0.0,5.0,7.0,10.0,9.0,18.0,18.0,11.0,16.0,18.0,
2019-03-22,,,,0.0,0.0,0.0,10.0,0.0,0.0,0.0,0.0,,,0.0,25.0,25.0,24.0,26.0,21.0,22.0,,
2019-03-23,,,,0.0,21.0,11.0,2.0,4.0,3.0,6.0,6.0,15.0,15.0,18.0,17.0,17.0,9.0,9.0,4.0,2.0,7.0,
2019-03-24,,,,0.0,0.0,0.0,0.0,8.0,4.0,9.0,1.0,0.0,1.0,1.0,16.0,15.0,6.0,6.0,,0.0,0.0,
2019-03-25,,,,0.0,0.0,0.0,2.0,0.0,0.0,2.0,0.0,20.0,26.0,24.0,28.0,36.0,38.0,46.0,44.0,44.0,52.0,
2019-03-26,,,,,0.0,0.0,0.0,0.0,0.0,3.0,3.0,6.0,10.0,9.0,19.0,22.0,27.0,23.0,23.0,23.0,,
2019-03-27,1.0,0.0,0.0,3.0,0.0,0.0,0.0,0.0,3.0,4.0,12.0,14.0,14.0,17.0,,35.0,34.0,37.0,34.0,36.0,,0.0
2019-03-28,,,,0.0,0.0,0.0,0.0,0.0,0.0,0.0,2.0,2.0,7.0,4.0,4.0,7.0,4.0,2.0,3.0,3.0,3.0,
2019-03-29,,,,0.0,0.0,0.0,0.0,2.0,3.0,2.0,2.0,4.0,50.0,49.0,49.0,57.0,56.0,60.0,60.0,65.0,64.0,0.0
2019-03-30,,,,0.0,0.0,0.0,0.0,0.0,1.0,1.0,4.0,3.0,3.0,9.0,10.0,12.0,13.0,,13.0,12.0,,
2019-03-31,,,,,,,22.0,0.0,0.0,0.0,2.0,2.0,33.0,41.0,44.0,50.0,50.0,50.0,52.0,,,
2019-04-01,,,,0.0,2.0,3.0,6.0,7.0,7.0,8.0,9.0,8.0,19.0,19.0,18.0,23.0,23.0,22.0,18.0,25.0,23.0,1.0
2019-04-02,1.0,0.0,0.0,3.0,2.0,0.0,2.0,0.0,0.0,6.0,6.0,8.0,11.0,9.0,11.0,15.0,18.0,17.0,15.0,18.0,20.0,
2019-04-03,1.0,5.0,4.0,7.0,2.0,3.0,5.0,0.0,0.0,3.0,3.0,0.0,0.0,8.0,5.0,6.0,6.0,5.0,3.0,14.0,13.0,0.0
2019-04-04,1.0,3.0,2.0,3.0,3.0,0.0,2.0,3.0,4.0,5.0,4.0,4.0,3.0,2.0,2.0,180.0,179.0,,,,84.0,8.0
2019-04-05,1.0,0.0,0.0,2.0,2.0,0.0,2.0,0.0,0.0,14.0,,55.0,57.0,62.0,61.0,65.0,63.0,63.0,59.0,62.0,57.0,21.0
2019-04-06,,,,,2.0,3.0,4.0,0.0,0.0,4.0,4.0,3.0,4.0,0.0,3.0,3.0,0.0,0.0,2.0,4.0,4.0,1.0
2019-04-07,,,,0.0,2.0,0.0,0.0,0.0,2.0,4.0,4.0,2.0,2.0,4.0,3.0,5.0,4.0,4.0,0.0,0.0,1.0,
2019-04-08,0.0,0.0,0.0,4.0,3.0,2.0,3.0,0.0,0.0,3.0,6.0,5.0,7.0,5.0,5.0,10.0,9.0,10.0,9.0,12.0,11.0,3.0
2019-04-09,1.0,0.0,0.0,2.0,2.0,6.0,7.0,3.0,5.0,5.0,5.0,3.0,8.0,11.0,12.0,14.0,14.0,16.0,19.0,24.0,23.0,6.0
2019-04-10,10.0,8.0,6.0,7.0,12.0,9.0,11.0,2.0,0.0,2.0,3.0,5.0,7.0,8.0,9.0,10.0,8.0,8.0,10.0,17.0,16.0,3.0
2019-04-11,1.0,0.0,0.0,4.0,0.0,0.0,0.0,0.0,0.0,0.0,2.0,0.0,4.0,6.0,12.0,14.0,15.0,15.0,10.0,11.0,10.0,1.0
2019-04-12,40.0,34.0,38.0,41.0,38.0,36.0,37.0,29.0,30.0,30.0,33.0,38.0,36.0,36.0,37.0,38.0,40.0,51.0,49.0,51.0,50.0,0.0
2019-04-13,,,,0.0,12.0,9.0,8.0,0.0,0.0,0.0,3.0,,,13.0,11.0,11.0,16.0,15.0,10.0,13.0,13.0,0.0
2019-04-14,1.0,0.0,0.0,2.0,10.0,8.0,9.0,0.0,0.0,2.0,2.0,,,7.0,3.0,2.0,0.0,0.0,0.0,36.0,36.0,
2019-04-15,1.0,3.0,2.0,2.0,0.0,0.0,0.0,0.0,2.0,2.0,4.0,,,7.0,9.0,12.0,13.0,14.0,13.0,17.0,17.0,
2019-04-16,1.0,2.0,0.0,2.0,0.0,0.0,2.0,3.0,4.0,6.0,6.0,,,7.0,10.0,15.0,11.0,13.0,7.0,22.0,23.0,
2019-04-17,1.0,2.0,2.0,3.0,0.0,0.0,0.0,0.0,0.0,0.0,2.0,,,9.0,10.0,14.0,18.0,18.0,20.0,23.0,23.0,
2019-04-18,1.0,0.0,0.0,2.0,2.0,0.0,0.0,0.0,0.0,2.0,2.0,,,3.0,0.0,2.0,6.0,9.0,5.0,5.0,5.0,
2019-04-19,,,,,,,,,,,,,,,,,,,,,,
2019-04-20,,,,,,,,,,,,,,,,,,,,,,
2019-04-21,,,,,,,,,,,,,,,,,,,,,,
2019-04-22,0.0,2.0,0.0,0.0,0.0,0.0,5.0,4.0,5.0,3.0,2.0,,,,0.0,5.0,5.0,0.0,0.0,3.0,5.0,0.0
2019-04-23,1.0,2.0,3.0,5.0,0.0,0.0,0.0,0.0,0.0,3.0,3.0,,,6.0,4.0,5.0,3.0,5.0,0.0,3.0,3.0,
2019-04-24,0.0,0.0,0.0,4.0,3.0,0.0,0.0,2.0,0.0,3.0,11.0,,,12.0,9.0,13.0,19.0,19.0,20.0,25.0,25.0,0.0
2019-04-25,1.0,0.0,0.0,3.0,2.0,0.0,0.0,3.0,4.0,5.0,5.0,,,14.0,12.0,18.0,13.0,15.0,12.0,18.0,18.0,
2019-04-26,1.0,0.0,0.0,4.0,4.0,2.0,2.0,2.0,3.0,3.0,3.0,,,6.0,10.0,15.0,13.0,17.0,12.0,17.0,17.0,0.0
2019-04-27,1.0,3.0,3.0,4.0,2.0,0.0,4.0,0.0,0.0,4.0,6.0,5.0,12.0,13.0,16.0,22.0,25.0,25.0,22.0,26.0,26.0,0.0
2019-04-28,1.0,0.0,0.0,2.0,0.0,0.0,0.0,0.0,0.0,5.0,6.0,3.0,2.0,2.0,2.0,2.0,2.0,3.0,0.0,8.0,8.0,
2019-04-29,,,,0.0,0.0,0.0,0.0,0.0,,,0.0,9.0,12.0,13.0,11.0,25.0,21.0,21.0,,,,
2019-04-30,,,,0.0,2.0,0.0,0.0,2.0,2.0,9.0,12.0,16.0,16.0,18.0,19.0,21.0,21.0,18.0,14.0,13.0,17.0,2.0
2019-05-01,1.0,0.0,0.0,2.0,0.0,0.0,0.0,0.0,0.0,0.0,0.0,2.0,6.0,3.0,3.0,4.0,2.0,0.0,0.0,2.0,2.0,1.0
2019-05-02,,,,2.0,2.0,0.0,0.0,0.0,0.0,0.0,0.0,0.0,3.0,3.0,4.0,3.0,1.0,1.0,5.0,6.0,5.0,
2019-05-03,1.0,2.0,0.0,3.0,2.0,0.0,0.0,0.0,0.0,3.0,6.0,6.0,21.0,25.0,50.0,38.0,42.0,43.0,43.0,49.0,52.0,0.0
2019-05-04,,,,0.0,0.0,0.0,3.0,0.0,0.0,4.0,4.0,8.0,7.0,8.0,14.0,15.0,14.0,14.0,11.0,15.0,15.0,15.0
2019-05-05,0.0,0.0,0.0,2.0,0.0,3.0,4.0,0.0,0.0,0.0,2.0,4.0,9.0,11.0,9.0,9.0,15.0,15.0,10.0,7.0,8.0,0.0
2019-05-06,1.0,0.0,0.0,5.0,4.0,0.0,0.0,0.0,3.0,3.0,4.0,7.0,8.0,9.0,8.0,10.0,9.0,5.0,5.0,3.0,4.0,0.0
2019-05-07,1.0,0.0,0.0,2.0,4.0,0.0,6.0,6.0,7.0,9.0,10.0,9.0,9.0,11.0,9.0,15.0,14.0,15.0,14.0,12.0,12.0,1.0
2019-05-08,0.0,0.0,0.0,4.0,3.0,0.0,1.0,0.0,1.0,3.0,4.0,3.0,6.0,3.0,0.0,2.0,0.0,3.0,0.0,1.0,4.0,12.0
2019-05-09,0.0,0.0,0.0,3.0,4.0,0.0,2.0,0.0,1.0,2.0,3.0,2.0,5.0,0.0,0.0,2.0,3.0,11.0,11.0,8.0,7.0,1.0
2019-05-10,1.0,0.0,0.0,3.0,2.0,1.0,6.0,2.0,0.0,1.0,1.0,3.0,6.0,7.0,7.0,8.0,9.0,11.0,11.0,10.0,10.0,
2019-05-11,0.0,1.0,0.0,2.0,0.0,0.0,1.0,0.0,1.0,0.0,4.0,3.0,3.0,4.0,3.0,4.0,5.0,,7.0,5.0,5.0,0.0
2019-05-12,0.0,0.0,3.0,5.0,1.0,0.0,0.0,0.0,0.0,2.0,1.0,0.0,0.0,0.0,0.0,4.0,3.0,,2.0,0.0,2.0,0.0
2019-05-13,0.0,0.0,0.0,3.0,1.0,1.0,4.0,1.0,3.0,5.0,7.0,8.0,11.0,10.0,12.0,11.0,10.0,11.0,6.0,3.0,3.0,0.0
2019-05-14,0.0,2.0,0.0,2.0,0.0,1.0,1.0,1.0,1.0,1.0,4.0,2.0,3.0,5.0,5.0,6.0,5.0,9.0,6.0,9.0,8.0,1.0
2019-05-15,0.0,0.0,0.0,2.0,0.0,0.0,0.0,0.0,1.0,3.0,2.0,1.0,0.0,0.0,0.0,5.0,7.0,7.0,5.0,4.0,4.0,1.0
2019-05-16,0.0,0.0,0.0,5.0,2.0,0.0,0.0,0.0,0.0,0.0,1.0,4.0,5.0,3.0,4.0,2.0,2.0,4.0,3.0,1.0,1.0,
2019-05-17,,,,0.0,15.0,12.0,13.0,9.0,8.0,8.0,9.0,8.0,11.0,10.0,9.0,10.0,15.0,14.0,24.0,26.0,24.0,2.0
2019-05-18,0.0,0.0,0.0,2.0,0.0,0.0,0.0,0.0,1.0,0.0,1.0,0.0,1.0,0.0,6.0,6.0,4.0,5.0,2.0,8.0,9.0,
2019-05-19,0.0,0.0,0.0,1.0,1.0,1.0,6.0,0.0,0.0,0.0,1.0,3.0,3.0,1.0,0.0,0.0,0.0,0.0,1.0,1.0,2.0,
2019-05-20,0.0,0.0,0.0,7.0,3.0,1.0,0.0,0.0,0.0,1.0,3.0,2.0,5.0,6.0,5.0,9.0,8.0,10.0,6.0,5.0,6.0,0.0
2019-05-21,,,,2.0,1.0,2.0,3.0,2.0,3.0,5.0,6.0,5.0,8.0,30.0,31.0,36.0,35.0,37.0,37.0,36.0,37.0,0.0
2019-05-22,,0.0,1.0,4.0,4.0,3.0,4.0,1.0,1.0,1.0,2.0,3.0,5.0,9.0,7.0,13.0,11.0,12.0,8.0,5.0,6.0,0.0
2019-05-23,1.0,4.0,3.0,8.0,4.0,2.0,2.0,3.0,3.0,4.0,3.0,1.0,1.0,4.0,2.0,2.0,5.0,5.0,8.0,10.0,9.0,2.0
2019-05-24,0.0,0.0,0.0,3.0,5.0,6.0,6.0,0.0,1.0,2.0,2.0,5.0,5.0,22.0,21.0,26.0,25.0,25.0,22.0,24.0,25.0,14.0
2019-05-25,0.0,0.0,0.0,2.0,10.0,7.0,8.0,0.0,5.0,10.0,11.0,9.0,12.0,16.0,23.0,26.0,25.0,,40.0,62.0,62.0,
2019-05-26,0.0,0.0,0.0,3.0,6.0,2.0,3.0,0.0,0.0,0.0,0.0,0.0,0.0,0.0,0.0,1.0,3.0,,2.0,0.0,0.0,
2019-05-27,0.0,0.0,0.0,3.0,4.0,5.0,6.0,11.0,12.0,14.0,14.0,24.0,21.0,18.0,18.0,17.0,19.0,19.0,15.0,15.0,15.0,0.0
2019-05-28,,,3.0,5.0,2.0,0.0,2.0,2.0,4.0,5.0,5.0,4.0,6.0,7.0,9.0,10.0,9.0,9.0,4.0,4.0,4.0,3.0
2019-05-29,1.0,3.0,1.0,4.0,1.0,1.0,1.0,0.0,2.0,3.0,5.0,4.0,6.0,10.0,10.0,11.0,10.0,10.0,5.0,3.0,2.0,0.0
2019-05-30,8.0,7.0,6.0,9.0,8.0,5.0,13.0,9.0,10.0,12.0,14.0,15.0,18.0,19.0,15.0,17.0,19.0,19.0,13.0,10.0,14.0,2.0
2019-05-31,1.0,1.0,2.0,5.0,2.0,0.0,4.0,1.0,1.0,2.0,3.0,4.0,7.0,5.0,4.0,6.0,4.0,4.0,4.0,3.0,2.0,
2019-06-01,0.0,0.0,1.0,2.0,1.0,0.0,1.0,0.0,0.0,2.0,4.0,3.0,5.0,2.0,0.0,1.0,0.0,0.0,3.0,1.0,0.0,1.0
2019-06-02,0.0,0.0,0.0,2.0,1.0,0.0,1.0,0.0,0.0,0.0,4.0,5.0,5.0,16.0,16.0,14.0,13.0,13.0,21.0,22.0,23.0,2.0
2019-06-03,0.0,2.0,5.0,10.0,11.0,11.0,14.0,8.0,,20.0,22.0,25.0,27.0,33.0,33.0,37.0,35.0,43.0,45.0,52.0,52.0,0.0
2019-06-04,0.0,3.0,3.0,5.0,3.0,2.0,4.0,12.0,12.0,20.0,21.0,21.0,22.0,28.0,27.0,30.0,29.0,28.0,26.0,24.0,26.0,5.0
2019-06-05,0.0,1.0,0.0,2.0,4.0,1.0,1.0,8.0,8.0,11.0,11.0,9.0,11.0,13.0,30.0,35.0,35.0,38.0,37.0,38.0,38.0,0.0
2019-06-06,0.0,0.0,2.0,3.0,2.0,1.0,4.0,1.0,2.0,3.0,3.0,9.0,16.0,17.0,19.0,21.0,23.0,26.0,28.0,33.0,32.0,15.0
2019-06-07,0.0,0.0,0.0,3.0,1.0,0.0,0.0,2.0,2.0,2.0,3.0,4.0,5.0,2.0,1.0,1.0,0.0,2.0,3.0,3.0,3.0,3.0
2019-06-08,0.0,1.0,1.0,3.0,1.0,0.0,1.0,0.0,5.0,29.0,34.0,40.0,40.0,40.0,40.0,42.0,41.0,44.0,40.0,39.0,38.0,
2019-06-09,0.0,0.0,1.0,3.0,0.0,0.0,1.0,0.0,0.0,2.0,3.0,6.0,6.0,4.0,1.0,8.0,9.0,8.0,3.0,3.0,3.0,1.0
2019-06-10,1.0,8.0,8.0,11.0,9.0,6.0,7.0,0.0,0.0,2.0,3.0,25.0,25.0,22.0,20.0,20.0,18.0,19.0,13.0,11.0,11.0,0.0
2019-06-11,1.0,1.0,1.0,3.0,2.0,0.0,2.0,0.0,2.0,2.0,3.0,3.0,6.0,6.0,4.0,6.0,3.0,4.0,7.0,3.0,3.0,4.0
2019-06-12,0.0,0.0,0.0,2.0,6.0,2.0,3.0,2.0,3.0,3.0,5.0,8.0,9.0,6.0,6.0,9.0,8.0,7.0,7.0,17.0,16.0,2.0
2019-06-13,0.0,0.0,0.0,3.0,1.0,0.0,0.0,0.0,0.0,0.0,1.0,2.0,4.0,9.0,9.0,14.0,15.0,14.0,13.0,13.0,12.0,48.0
2019-06-14,0.0,0.0,0.0,5.0,2.0,0.0,0.0,1.0,1.0,2.0,4.0,6.0,6.0,6.0,5.0,8.0,11.0,11.0,6.0,4.0,3.0,
2019-06-15,,,,0.0,2.0,0.0,3.0,0.0,7.0,9.0,10.0,8.0,11.0,13.0,15.0,17.0,16.0,15.0,12.0,11.0,,0.0
2019-06-16,0.0,0.0,3.0,5.0,3.0,0.0,10.0,0.0,1.0,0.0,2.0,1.0,2.0,1.0,0.0,3.0,2.0,2.0,3.0,4.0,,0.0
2019-06-17,1.0,0.0,1.0,2.0,3.0,0.0,0.0,0.0,1.0,5.0,6.0,5.0,6.0,5.0,4.0,7.0,8.0,8.0,7.0,7.0,7.0,2.0
2019-06-18,0.0,0.0,2.0,5.0,5.0,0.0,0.0,3.0,6.0,6.0,8.0,7.0,9.0,10.0,10.0,9.0,9.0,8.0,7.0,4.0,4.0,1.0
2019-06-19,,,,0.0,1.0,0.0,0.0,0.0,0.0,2.0,2.0,5.0,5.0,3.0,16.0,17.0,17.0,16.0,10.0,7.0,8.0,9.0
2019-06-20,1.0,0.0,1.0,3.0,2.0,0.0,0.0,0.0,1.0,1.0,1.0,3.0,4.0,6.0,5.0,5.0,21.0,22.0,23.0,22.0,24.0,3.0
2019-06-21,0.0,0.0,0.0,2.0,1.0,0.0,1.0,2.0,2.0,3.0,5.0,4.0,4.0,4.0,1.0,2.0,2.0,5.0,2.0,1.0,1.0,0.0
2019-06-22,,,,0.0,3.0,0.0,0.0,0.0,1.0,1.0,1.0,0.0,3.0,18.0,16.0,20.0,20.0,20.0,13.0,12.0,,1.0
2019-06-23,,0.0,0.0,2.0,3.0,1.0,0.0,0.0,0.0,1.0,2.0,2.0,6.0,11.0,8.0,7.0,6.0,7.0,5.0,7.0,7.0,1.0
2019-06-24,,44.0,45.0,46.0,44.0,38.0,50.0,66.0,68.0,70.0,70.0,70.0,71.0,73.0,81.0,82.0,80.0,79.0,77.0,75.0,77.0,0.0
2019-06-25,,0.0,0.0,1.0,5.0,0.0,1.0,0.0,1.0,1.0,1.0,4.0,8.0,16.0,19.0,25.0,29.0,30.0,32.0,30.0,30.0,0.0
2019-06-26,,45.0,46.0,48.0,56.0,52.0,53.0,46.0,50.0,53.0,52.0,51.0,,,,,,,,,50.0,12.0
2019-06-27,0.0,0.0,0.0,26.0,,,,93.0,93.0,94.0,93.0,,,108.0,108.0,105.0,105.0,112.0,115.0,118.0,112.0,0.0
2019-06-28,0.0,0.0,1.0,5.0,0.0,0.0,1.0,5.0,5.0,7.0,7.0,,,5.0,8.0,8.0,12.0,14.0,40.0,46.0,45.0,43.0
2019-06-29,1.0,0.0,0.0,2.0,1.0,1.0,0.0,0.0,0.0,0.0,1.0,,,2.0,0.0,2.0,2.0,8.0,6.0,6.0,8.0,0.0
2019-06-30,0.0,0.0,0.0,2.0,5.0,0.0,0.0,1.0,2.0,2.0,2.0,,,0.0,1.0,0.0,2.0,4.0,15.0,16.0,16.0,16.0
2019-07-01,0.0,0.0,1.0,3.0,4.0,0.0,1.0,2.0,3.0,4.0,4.0,9.0,12.0,9.0,9.0,17.0,22.0,24.0,20.0,19.0,18.0,2.0
2019-07-02,0.0,0.0,0.0,2.0,3.0,0.0,1.0,4.0,4.0,6.0,6.0,4.0,8.0,6.0,5.0,5.0,5.0,5.0,1.0,0.0,0.0,2.0
2019-07-03,0.0,0.0,3.0,6.0,3.0,5.0,5.0,5.0,5.0,5.0,7.0,8.0,8.0,8.0,9.0,10.0,11.0,10.0,4.0,11.0,13.0,6.0
2019-07-04,1.0,2.0,1.0,3.0,4.0,3.0,5.0,1.0,2.0,0.0,2.0,2.0,4.0,5.0,4.0,8.0,9.0,9.0,8.0,9.0,8.0,1.0
2019-07-05,0.0,0.0,0.0,5.0,6.0,3.0,2.0,4.0,3.0,5.0,6.0,4.0,4.0,2.0,2.0,11.0,13.0,13.0,12.0,10.0,13.0,2.0
2019-07-06,0.0,1.0,0.0,3.0,3.0,2.0,2.0,0.0,1.0,4.0,9.0,8.0,9.0,8.0,8.0,9.0,9.0,9.0,6.0,3.0,2.0,0.0
2019-07-07,,,,3.0,0.0,0.0,3.0,0.0,0.0,3.0,2.0,15.0,20.0,18.0,17.0,22.0,21.0,20.0,14.0,12.0,10.0,
2019-07-08,0.0,1.0,0.0,8.0,6.0,1.0,0.0,1.0,4.0,6.0,6.0,7.0,7.0,6.0,2.0,6.0,5.0,7.0,8.0,8.0,11.0,0.0
2019-07-09,0.0,0.0,0.0,2.0,2.0,0.0,1.0,1.0,1.0,2.0,3.0,1.0,4.0,4.0,3.0,2.0,3.0,2.0,2.0,1.0,1.0,1.0
2019-07-10,0.0,1.0,1.0,9.0,7.0,5.0,5.0,1.0,2.0,3.0,7.0,8.0,12.0,10.0,8.0,7.0,9.0,8.0,7.0,4.0,4.0,4.0
2019-07-11,1.0,0.0,0.0,3.0,2.0,0.0,1.0,1.0,1.0,3.0,4.0,2.0,3.0,2.0,4.0,6.0,7.0,8.0,5.0,2.0,2.0,2.0
2019-07-12,39.0,42.0,42.0,45.0,42.0,40.0,41.0,31.0,31.0,32.0,32.0,33.0,36.0,37.0,36.0,39.0,39.0,45.0,44.0,42.0,41.0,22.0
2019-07-13,0.0,0.0,1.0,3.0,1.0,1.0,1.0,1.0,,1.0,1.0,4.0,5.0,4.0,5.0,8.0,12.0,12.0,8.0,5.0,5.0,1.0
2019-07-14,,,,0.0,2.0,0.0,4.0,0.0,,1.0,0.0,1.0,20.0,27.0,30.0,42.0,61.0,62.0,64.0,64.0,63.0,55.0
2019-07-15,,,0.0,3.0,3.0,2.0,4.0,2.0,,0.0,2.0,1.0,5.0,3.0,3.0,4.0,2.0,1.0,1.0,3.0,3.0,1.0
2019-07-16,1.0,3.0,3.0,7.0,8.0,6.0,10.0,4.0,,3.0,5.0,3.0,8.0,11.0,8.0,14.0,15.0,16.0,14.0,14.0,13.0,2.0
2019-07-17,0.0,0.0,1.0,4.0,1.0,0.0,1.0,7.0,,11.0,10.0,12.0,15.0,23.0,22.0,26.0,26.0,25.0,22.0,21.0,20.0,2.0
2019-07-18,0.0,0.0,0.0,2.0,2.0,0.0,1.0,3.0,,1.0,5.0,11.0,13.0,10.0,6.0,3.0,1.0,1.0,16.0,14.0,22.0,1.0
2019-07-19,0.0,0.0,0.0,5.0,6.0,1.0,1.0,3.0,,4.0,4.0,3.0,3.0,2.0,0.0,1.0,1.0,2.0,2.0,0.0,0.0,5.0
2019-07-20,0.0,0.0,1.0,3.0,2.0,0.0,0.0,7.0,,8.0,11.0,9.0,8.0,7.0,4.0,1.0,1.0,2.0,2.0,4.0,3.0,0.0
2019-07-21,0.0,0.0,0.0,2.0,0.0,0.0,0.0,0.0,,0.0,1.0,0.0,0.0,0.0,0.0,2.0,2.0,3.0,10.0,7.0,10.0,20.0
2019-07-22,0.0,1.0,1.0,6.0,1.0,1.0,1.0,0.0,,3.0,5.0,4.0,8.0,6.0,4.0,5.0,3.0,2.0,1.0,3.0,2.0,0.0
2019-07-23,0.0,0.0,0.0,3.0,2.0,0.0,1.0,0.0,,0.0,0.0,0.0,2.0,3.0,2.0,2.0,5.0,6.0,4.0,9.0,8.0,1.0
2019-07-24,24.0,26.0,25.0,30.0,28.0,23.0,23.0,19.0,,17.0,15.0,13.0,14.0,11.0,10.0,11.0,11.0,13.0,12.0,9.0,9.0,2.0
2019-07-25,0.0,0.0,0.0,0.0,,,,,,,,,,,,,,,,,0.0,0.0
2019-07-26,0.0,1.0,1.0,6.0,3.0,2.0,2.0,1.0,,1.0,5.0,19.0,20.0,24.0,24.0,26.0,26.0,26.0,26.0,23.0,22.0,10.0
2019-07-27,0.0,3.0,2.0,5.0,3.0,0.0,7.0,0.0,,2.0,2.0,3.0,5.0,32.0,30.0,29.0,28.0,31.0,55.0,57.0,57.0,0.0
2019-07-28,0.0,0.0,1.0,3.0,0.0,0.0,1.0,0.0,,0.0,4.0,8.0,13.0,11.0,8.0,14.0,18.0,20.0,16.0,18.0,18.0,2.0
2019-07-29,1.0,1.0,1.0,8.0,6.0,1.0,2.0,3.0,,3.0,3.0,2.0,10.0,8.0,11.0,18.0,20.0,22.0,22.0,23.0,21.0,0.0
2019-07-30,0.0,0.0,0.0,3.0,2.0,0.0,3.0,1.0,,2.0,3.0,7.0,8.0,4.0,2.0,0.0,0.0,5.0,3.0,2.0,2.0,0.0
2019-07-31,1.0,2.0,1.0,3.0,2.0,0.0,1.0,7.0,,5.0,8.0,6.0,7.0,12.0,11.0,7.0,7.0,12.0,8.0,7.0,7.0,1.0
2019-08-01,0.0,2.0,2.0,3.0,4.0,1.0,2.0,1.0,,2.0,1.0,2.0,7.0,5.0,12.0,12.0,13.0,12.0,13.0,10.0,11.0,0.0
2019-08-02,1.0,4.0,3.0,6.0,3.0,4.0,3.0,1.0,,0.0,3.0,3.0,4.0,8.0,7.0,8.0,9.0,8.0,6.0,3.0,3.0,
2019-08-03,1.0,2.0,3.0,5.0,3.0,2.0,1.0,0.0,,0.0,0.0,6.0,8.0,6.0,4.0,7.0,6.0,5.0,11.0,13.0,13.0,1.0
2019-08-04,1.0,2.0,2.0,4.0,2.0,0.0,3.0,1.0,,2.0,2.0,1.0,2.0,1.0,2.0,2.0,1.0,3.0,0.0,3.0,3.0,1.0
2019-08-05,0.0,1.0,0.0,4.0,3.0,1.0,2.0,1.0,,4.0,3.0,2.0,2.0,0.0,0.0,3.0,2.0,1.0,1.0,4.0,4.0,2.0
2019-08-06,3.0,3.0,2.0,3.0,3.0,0.0,5.0,2.0,,1.0,5.0,3.0,2.0,3.0,2.0,7.0,5.0,6.0,10.0,13.0,12.0,1.0
2019-08-07,0.0,0.0,0.0,4.0,1.0,0.0,4.0,7.0,,4.0,5.0,4.0,4.0,2.0,1.0,3.0,3.0,9.0,9.0,12.0,12.0,
2019-08-08,0.0,0.0,0.0,6.0,2.0,0.0,2.0,2.0,,2.0,2.0,2.0,2.0,8.0,9.0,10.0,10.0,13.0,11.0,12.0,12.0,1.0
2019-08-09,0.0,1.0,0.0,9.0,5.0,0.0,1.0,2.0,,5.0,6.0,6.0,6.0,3.0,4.0,5.0,7.0,7.0,7.0,8.0,10.0,0.0
2019-08-10,0.0,1.0,1.0,9.0,6.0,3.0,4.0,0.0,,0.0,0.0,3.0,9.0,8.0,9.0,11.0,10.0,12.0,8.0,11.0,11.0,1.0
2019-08-11,0.0,0.0,0.0,6.0,1.0,0.0,6.0,6.0,,2.0,2.0,1.0,0.0,0.0,0.0,3.0,3.0,3.0,0.0,2.0,4.0,0.0
2019-08-12,0.0,4.0,3.0,10.0,13.0,7.0,6.0,2.0,,0.0,0.0,3.0,,24.0,26.0,25.0,25.0,27.0,38.0,41.0,41.0,0.0
2019-08-13,0.0,0.0,0.0,2.0,2.0,0.0,0.0,3.0,,3.0,6.0,7.0,11.0,8.0,8.0,9.0,10.0,9.0,8.0,11.0,16.0,2.0
2019-08-14,0.0,0.0,0.0,3.0,1.0,0.0,1.0,2.0,,4.0,9.0,8.0,9.0,7.0,11.0,15.0,16.0,17.0,16.0,19.0,20.0,27.0
2019-08-15,,,,0.0,8.0,6.0,5.0,4.0,,9.0,12.0,10.0,11.0,14.0,15.0,14.0,12.0,14.0,16.0,15.0,16.0,2.0
2019-08-16,0.0,0.0,0.0,3.0,7.0,1.0,1.0,1.0,,5.0,4.0,2.0,1.0,1.0,6.0,6.0,6.0,6.0,4.0,5.0,5.0,
2019-08-17,0.0,0.0,1.0,4.0,2.0,0.0,4.0,0.0,,0.0,2.0,1.0,3.0,4.0,2.0,3.0,2.0,5.0,7.0,10.0,12.0,1.0
2019-08-18,0.0,1.0,1.0,5.0,2.0,0.0,2.0,0.0,,0.0,3.0,12.0,16.0,15.0,23.0,30.0,31.0,30.0,35.0,36.0,38.0,0.0
2019-08-19,0.0,3.0,3.0,6.0,10.0,14.0,13.0,12.0,,13.0,9.0,10.0,10.0,10.0,6.0,11.0,8.0,8.0,5.0,5.0,5.0,0.0
2019-08-20,0.0,3.0,4.0,7.0,4.0,2.0,4.0,0.0,,0.0,1.0,0.0,1.0,1.0,5.0,7.0,9.0,9.0,8.0,8.0,11.0,0.0
2019-08-21,0.0,3.0,3.0,8.0,9.0,5.0,6.0,0.0,,0.0,0.0,0.0,1.0,1.0,0.0,3.0,5.0,7.0,5.0,3.0,3.0,
2019-08-22,0.0,0.0,0.0,2.0,2.0,0.0,0.0,2.0,,0.0,0.0,2.0,3.0,3.0,0.0,2.0,0.0,0.0,4.0,4.0,6.0,0.0
2019-08-23,0.0,0.0,1.0,3.0,3.0,2.0,6.0,0.0,,0.0,1.0,8.0,7.0,6.0,12.0,10.0,10.0,21.0,17.0,14.0,15.0,
2019-08-24,0.0,0.0,0.0,6.0,2.0,0.0,1.0,3.0,,0.0,0.0,6.0,6.0,6.0,2.0,24.0,26.0,25.0,19.0,16.0,16.0,0.0
2019-08-25,,,,1.0,1.0,1.0,1.0,1.0,,0.0,1.0,1.0,2.0,0.0,1.0,5.0,5.0,6.0,4.0,2.0,2.0,0.0
2019-08-26,0.0,0.0,6.0,8.0,6.0,2.0,3.0,1.0,2.0,4.0,5.0,7.0,14.0,13.0,13.0,13.0,13.0,14.0,10.0,9.0,10.0,22.0
2019-08-27,1.0,0.0,4.0,6.0,5.0,0.0,1.0,4.0,2.0,3.0,4.0,3.0,5.0,4.0,6.0,13.0,18.0,28.0,24.0,24.0,25.0,1.0
2019-08-28,0.0,0.0,0.0,0.0,,,,,,,,7.0,7.0,4.0,2.0,5.0,15.0,,,,38.0,0.0
2019-08-29,0.0,2.0,1.0,4.0,2.0,1.0,,,84.0,93.0,93.0,92.0,91.0,103.0,100.0,110.0,110.0,116.0,112.0,115.0,115.0,0.0
2019-08-30,0.0,2.0,2.0,7.0,24.0,22.0,26.0,18.0,19.0,29.0,40.0,63.0,67.0,68.0,70.0,78.0,81.0,84.0,81.0,80.0,81.0,0.0
2019-08-31,0.0,0.0,1.0,3.0,5.0,1.0,1.0,0.0,,2.0,3.0,5.0,5.0,6.0,4.0,5.0,3.0,2.0,1.0,5.0,5.0,1.0
2019-09-01,1.0,1.0,1.0,5.0,5.0,5.0,8.0,1.0,,3.0,14.0,18.0,20.0,22.0,20.0,27.0,25.0,28.0,28.0,26.0,29.0,7.0
2019-09-02,0.0,0.0,0.0,3.0,3.0,0.0,6.0,0.0,2.0,4.0,3.0,5.0,7.0,5.0,2.0,2.0,2.0,3.0,1.0,1.0,1.0,5.0
2019-09-03,1.0,1.0,1.0,5.0,5.0,1.0,2.0,1.0,1.0,4.0,4.0,3.0,4.0,3.0,1.0,1.0,2.0,11.0,19.0,19.0,17.0,0.0
2019-09-04,0.0,4.0,3.0,10.0,6.0,1.0,2.0,2.0,5.0,7.0,7.0,24.0,24.0,25.0,28.0,31.0,34.0,41.0,39.0,43.0,43.0,0.0
2019-09-05,0.0,0.0,0.0,2.0,1.0,0.0,2.0,2.0,3.0,4.0,7.0,13.0,18.0,17.0,17.0,22.0,21.0,22.0,20.0,18.0,17.0,1.0
2019-09-06,8.0,9.0,9.0,12.0,12.0,14.0,16.0,10.0,9.0,10.0,12.0,12.0,11.0,11.0,10.0,9.0,11.0,10.0,9.0,11.0,11.0,5.0
2019-09-07,4.0,9.0,8.0,10.0,5.0,4.0,5.0,,,0.0,2.0,2.0,4.0,3.0,2.0,2.0,3.0,2.0,30.0,,25.0,0.0
2019-09-08,0.0,0.0,0.0,2.0,1.0,2.0,2.0,,,10.0,11.0,11.0,11.0,10.0,11.0,9.0,9.0,11.0,,12.0,12.0,3.0
2019-09-09,1.0,1.0,2.0,5.0,2.0,1.0,3.0,,,1.0,1.0,4.0,7.0,5.0,6.0,7.0,8.0,8.0,4.0,4.0,4.0,3.0
2019-09-10,0.0,0.0,1.0,6.0,4.0,0.0,1.0,,,7.0,8.0,12.0,12.0,12.0,9.0,10.0,10.0,10.0,8.0,8.0,8.0,6.0
2019-09-11,0.0,1.0,1.0,4.0,6.0,0.0,2.0,,,2.0,3.0,1.0,2.0,3.0,1.0,2.0,14.0,16.0,13.0,11.0,11.0,0.0
2019-09-12,0.0,4.0,3.0,8.0,4.0,0.0,1.0,,,4.0,5.0,4.0,7.0,6.0,6.0,9.0,9.0,9.0,10.0,8.0,13.0,0.0
2019-09-13,0.0,3.0,2.0,6.0,4.0,2.0,15.0,,,11.0,12.0,11.0,14.0,13.0,10.0,22.0,27.0,26.0,27.0,26.0,26.0,1.0
2019-09-14,0.0,8.0,7.0,10.0,7.0,1.0,1.0,0.0,,1.0,1.0,2.0,0.0,0.0,0.0,1.0,0.0,1.0,0.0,2.0,2.0,1.0
2019-09-15,0.0,4.0,4.0,7.0,2.0,0.0,0.0,0.0,,3.0,7.0,9.0,7.0,7.0,9.0,7.0,7.0,7.0,6.0,2.0,0.0,0.0
2019-09-16,0.0,5.0,5.0,7.0,7.0,3.0,4.0,0.0,1.0,1.0,5.0,10.0,9.0,8.0,9.0,8.0,9.0,10.0,10.0,14.0,14.0,4.0
2019-09-17,1.0,5.0,6.0,10.0,6.0,0.0,4.0,0.0,3.0,6.0,6.0,3.0,3.0,7.0,10.0,12.0,9.0,9.0,8.0,7.0,6.0,0.0
2019-09-18,0.0,2.0,2.0,6.0,6.0,16.0,16.0,33.0,33.0,35.0,38.0,36.0,35.0,32.0,30.0,33.0,30.0,35.0,32.0,31.0,30.0,23.0
2019-09-19,0.0,4.0,3.0,16.0,20.0,15.0,15.0,6.0,5.0,6.0,9.0,8.0,10.0,9.0,10.0,14.0,14.0,15.0,12.0,22.0,21.0,2.0
2019-09-20,1.0,4.0,3.0,20.0,31.0,29.0,29.0,19.0,19.0,21.0,23.0,26.0,26.0,25.0,27.0,29.0,31.0,32.0,30.0,28.0,27.0,
2019-09-21,0.0,8.0,8.0,11.0,7.0,2.0,3.0,2.0,,1.0,4.0,7.0,6.0,9.0,10.0,8.0,25.0,26.0,23.0,26.0,24.0,2.0
2019-09-22,0.0,3.0,2.0,6.0,2.0,10.0,10.0,0.0,,3.0,140.0,,,,,,,,,,142.0,106.0
2019-09-23,2.0,7.0,8.0,13.0,8.0,3.0,2.0,0.0,0.0,1.0,2.0,8.0,8.0,20.0,17.0,22.0,19.0,20.0,19.0,20.0,21.0,2.0
2019-09-24,1.0,5.0,7.0,10.0,11.0,11.0,14.0,6.0,7.0,9.0,12.0,17.0,19.0,24.0,27.0,29.0,26.0,,26.0,24.0,24.0,0.0
2019-09-25,0.0,4.0,8.0,14.0,27.0,23.0,26.0,18.0,18.0,22.0,25.0,31.0,31.0,28.0,27.0,26.0,24.0,25.0,48.0,48.0,48.0,29.0
2019-09-26,0.0,3.0,3.0,7.0,8.0,5.0,5.0,3.0,4.0,6.0,8.0,17.0,19.0,20.0,19.0,28.0,28.0,28.0,26.0,25.0,28.0,0.0
2019-09-27,2.0,3.0,4.0,8.0,4.0,4.0,5.0,0.0,1.0,4.0,4.0,2.0,1.0,3.0,1.0,3.0,0.0,1.0,0.0,1.0,3.0,4.0
2019-09-28,0.0,4.0,3.0,7.0,9.0,7.0,7.0,0.0,,1.0,1.0,1.0,2.0,4.0,4.0,4.0,2.0,2.0,1.0,1.0,3.0,0.0
2019-09-29,0.0,3.0,2.0,6.0,1.0,0.0,2.0,0.0,,0.0,2.0,4.0,2.0,4.0,4.0,3.0,3.0,5.0,5.0,1.0,1.0,0.0
2019-09-30,9.0,9.0,9.0,14.0,63.0,61.0,62.0,58.0,59.0,61.0,63.0,61.0,60.0,78.0,79.0,79.0,80.0,82.0,81.0,120.0,115.0,0.0
2019-10-01,0.0,8.0,7.0,9.0,6.0,8.0,10.0,6.0,6.0,6.0,6.0,10.0,12.0,11.0,12.0,11.0,12.0,13.0,11.0,14.0,15.0,2.0
2019-10-02,0.0,8.0,6.0,8.0,3.0,2.0,1.0,1.0,1.0,3.0,2.0,3.0,4.0,2.0,2.0,5.0,2.0,4.0,7.0,7.0,8.0,3.0
2019-10-03,1.0,4.0,4.0,6.0,5.0,2.0,2.0,1.0,1.0,1.0,1.0,4.0,16.0,14.0,12.0,16.0,17.0,17.0,21.0,19.0,23.0,5.0
2019-10-04,0.0,0.0,1.0,7.0,9.0,7.0,7.0,0.0,,3.0,5.0,6.0,7.0,15.0,29.0,35.0,42.0,43.0,49.0,51.0,50.0,0.0
2019-10-05,0.0,1.0,0.0,5.0,5.0,2.0,3.0,0.0,,6.0,8.0,9.0,,,,,,,,,0.0,0.0
2019-10-06,0.0,0.0,2.0,5.0,4.0,2.0,3.0,0.0,,1.0,5.0,6.0,18.0,20.0,20.0,24.0,24.0,28.0,24.0,23.0,24.0,24.0
2019-10-07,0.0,1.0,3.0,7.0,3.0,1.0,2.0,0.0,1.0,2.0,4.0,5.0,6.0,6.0,3.0,8.0,15.0,17.0,20.0,32.0,31.0,11.0
2019-10-08,0.0,1.0,0.0,2.0,4.0,0.0,0.0,0.0,2.0,2.0,4.0,3.0,5.0,6.0,1.0,1.0,1.0,1.0,1.0,1.0,6.0,1.0
2019-10-09,0.0,0.0,0.0,1.0,3.0,1.0,0.0,1.0,2.0,2.0,2.0,4.0,1.0,6.0,3.0,5.0,5.0,6.0,5.0,15.0,15.0,0.0
2019-10-10,0.0,0.0,0.0,2.0,1.0,0.0,1.0,7.0,7.0,8.0,9.0,5.0,14.0,37.0,49.0,56.0,56.0,56.0,56.0,56.0,69.0,0.0
2019-10-11,0.0,1.0,1.0,2.0,2.0,0.0,1.0,5.0,5.0,7.0,8.0,6.0,0.0,3.0,5.0,5.0,5.0,15.0,15.0,15.0,20.0,2.0
2019-10-12,0.0,0.0,1.0,4.0,4.0,0.0,1.0,0.0,,4.0,7.0,9.0,11.0,15.0,14.0,47.0,51.0,53.0,51.0,54.0,54.0,54.0
2019-10-13,0.0,0.0,1.0,6.0,2.0,0.0,0.0,4.0,,0.0,1.0,4.0,8.0,10.0,13.0,17.0,26.0,28.0,26.0,24.0,24.0,0.0
2019-10-14,,,,,,,,9.0,10.0,11.0,14.0,12.0,13.0,14.0,9.0,9.0,35.0,35.0,35.0,45.0,45.0,9.0
2019-10-15,,,,,,,,5.0,3.0,3.0,3.0,3.0,3.0,17.0,17.0,14.0,14.0,14.0,40.0,40.0,55.0,0.0
2019-10-16,,,,,,,,1.0,0.0,0.0,0.0,0.0,0.0,0.0,14.0,13.0,19.0,19.0,19.0,19.0,36.0,28.0
2019-10-17,,,,,,,,5.0,3.0,3.0,3.0,3.0,3.0,3.0,3.0,2.0,2.0,2.0,2.0,2.0,19.0,24.0
2019-10-18,,,,,,,,3.0,4.0,11.0,13.0,13.0,10.0,16.0,18.0,21.0,20.0,20.0,33.0,36.0,41.0,0.0
2019-10-19,,,,,,,,0.0,,1.0,3.0,4.0,6.0,8.0,11.0,14.0,15.0,16.0,16.0,12.0,12.0,0.0
2019-10-20,,,,,,,,2.0,,1.0,1.0,3.0,5.0,6.0,7.0,22.0,25.0,28.0,25.0,26.0,27.0,0.0
2019-10-21,,,,,,,,8.0,9.0,9.0,10.0,9.0,4.0,3.0,0.0,2.0,10.0,15.0,13.0,13.0,12.0,0.0
2019-10-22,,,,,,,,5.0,6.0,6.0,6.0,7.0,7.0,12.0,7.0,3.0,14.0,18.0,16.0,18.0,17.0,2.0
2019-10-23,,,,,,,,6.0,6.0,9.0,10.0,7.0,6.0,5.0,7.0,10.0,21.0,22.0,20.0,19.0,20.0,2.0
2019-10-24,,,,,,,,10.0,9.0,15.0,19.0,23.0,19.0,23.0,30.0,49.0,54.0,56.0,60.0,62.0,64.0,0.0
2019-10-25,,,,,,,,7.0,9.0,9.0,8.0,8.0,4.0,4.0,2.0,4.0,10.0,11.0,12.0,11.0,11.0,0.0
2019-10-26,,,,,,,,4.0,,1.0,4.0,5.0,4.0,4.0,1.0,5.0,22.0,27.0,29.0,30.0,30.0,2.0
2019-10-27,,,,,,,,1.0,,1.0,6.0,5.0,6.0,6.0,3.0,8.0,16.0,22.0,22.0,23.0,22.0,
2019-10-28,,,,,,,,3.0,4.0,4.0,4.0,4.0,8.0,14.0,13.0,14.0,17.0,19.0,20.0,18.0,20.0,
2019-10-29,,,,,,,,3.0,2.0,1.0,1.0,0.0,3.0,1.0,0.0,0.0,3.0,3.0,8.0,6.0,6.0,
2019-10-30,,,,,,,,0.0,0.0,2.0,3.0,2.0,3.0,0.0,1.0,4.0,3.0,3.0,3.0,3.0,2.0,3.0
2019-10-31,,,,,,,,9.0,2.0,6.0,2.0,1.0,0.0,14.0,20.0,22.0,26.0,27.0,22.0,21.0,20.0,2.0
2019-11-01,,,,,,,,4.0,0.0,4.0,2.0,0.0,1.0,5.0,4.0,9.0,8.0,8.0,7.0,2.0,,
2019-11-02,,,,,,,,0.0,,0.0,0.0,,,5.0,6.0,7.0,7.0,11.0,7.0,8.0,7.0,
2019-11-03,,,,,,,,0.0,,1.0,0.0,,,3.0,7.0,11.0,10.0,9.0,6.0,6.0,5.0,0.0
2019-11-04,,,,,,,,0.0,0.0,2.0,3.0,1.0,3.0,3.0,3.0,3.0,2.0,3.0,2.0,15.0,14.0,2.0
2019-11-05,,,,,,,,4.0,3.0,3.0,2.0,1.0,3.0,0.0,1.0,0.0,1.0,26.0,24.0,33.0,33.0,39.0
2019-11-06,,,,,,,,6.0,5.0,5.0,4.0,3.0,3.0,3.0,0.0,3.0,3.0,3.0,3.0,2.0,1.0,15.0
2019-11-07,,,,,,,,4.0,3.0,2.0,0.0,1.0,1.0,2.0,1.0,6.0,6.0,7.0,10.0,17.0,21.0,
2019-11-08,,,,,,,,19.0,19.0,20.0,22.0,24.0,,41.0,36.0,35.0,34.0,42.0,43.0,47.0,47.0,45.0
2019-11-09,,,,,,,,11.0,,3.0,5.0,5.0,7.0,6.0,4.0,3.0,5.0,5.0,5.0,5.0,8.0,
2019-11-10,,,,,,,,0.0,,0.0,0.0,0.0,0.0,14.0,17.0,25.0,26.0,27.0,25.0,26.0,25.0,0.0
2019-11-11,,,,,,,,4.0,2.0,2.0,2.0,9.0,9.0,13.0,14.0,11.0,12.0,13.0,8.0,11.0,12.0,
2019-11-12,,,,,,,,4.0,3.0,4.0,6.0,6.0,9.0,7.0,3.0,15.0,16.0,20.0,15.0,17.0,17.0,2.0
2019-11-13,,,,,,,,4.0,4.0,4.0,4.0,3.0,3.0,1.0,1.0,4.0,4.0,5.0,2.0,11.0,10.0,2.0
2019-11-14,,,,,,,,0.0,2.0,1.0,1.0,4.0,4.0,1.0,1.0,9.0,8.0,8.0,37.0,38.0,37.0,0.0
2019-11-15,,,,,,,,6.0,6.0,6.0,6.0,4.0,4.0,1.0,1.0,1.0,5.0,7.0,4.0,1.0,2.0,
2019-11-16,,,,,,,,0.0,0.0,0.0,0.0,2.0,5.0,9.0,8.0,12.0,10.0,10.0,6.0,5.0,5.0,0.0
2019-11-17,,,,,,,,,,,,,,,,,,,,,,
2019-11-18,,,,,,,,3.0,4.0,5.0,5.0,4.0,7.0,14.0,14.0,16.0,15.0,17.0,11.0,15.0,14.0,
2019-11-19,,,,,,,,5.0,4.0,6.0,7.0,7.0,11.0,12.0,10.0,10.0,13.0,13.0,,,23.0,0.0
2019-11-20,,,,,,,,7.0,6.0,6.0,6.0,21.0,22.0,23.0,17.0,23.0,25.0,24.0,25.0,22.0,21.0,
2019-11-21,,,,,,,,13.0,13.0,14.0,18.0,17.0,18.0,15.0,12.0,9.0,8.0,7.0,6.0,12.0,14.0,
2019-11-22,,,,,,,,5.0,4.0,4.0,5.0,7.0,16.0,14.0,13.0,12.0,11.0,11.0,11.0,19.0,20.0,0.0
2019-11-23,,,,,,,,0.0,1.0,5.0,7.0,6.0,4.0,2.0,0.0,2.0,2.0,2.0,1.0,2.0,3.0,
2019-11-24,,,,,,,,1.0,1.0,0.0,1.0,0.0,4.0,1.0,0.0,0.0,2.0,2.0,0.0,2.0,1.0,1.0
2019-11-25,,,,,,,,,2.0,3.0,5.0,4.0,6.0,5.0,2.0,1.0,2.0,3.0,3.0,2.0,,
2019-11-26,,,,,,,,1.0,0.0,2.0,2.0,3.0,5.0,4.0,2.0,7.0,10.0,10.0,4.0,2.0,4.0,
2019-11-27,,,,,,,,22.0,21.0,30.0,,54.0,,,,,,,,,50.0,
2019-11-28,,,,,,,,4.0,2.0,4.0,4.0,3.0,8.0,7.0,4.0,2.0,3.0,3.0,4.0,4.0,4.0,3.0
2019-11-29,,,,,,,,0.0,1.0,2.0,2.0,1.0,2.0,0.0,0.0,3.0,4.0,5.0,4.0,3.0,3.0,3.0
2019-11-30,,,,,,,,1.0,0.0,1.0,6.0,6.0,5.0,14.0,13.0,10.0,9.0,12.0,9.0,8.0,9.0,9.0
2019-12-01,,,,,,,,,,,,,,,,,,,,,,
2019-12-02,,,,,,,,,2.0,6.0,6.0,4.0,5.0,3.0,0.0,1.0,8.0,9.0,28.0,42.0,41.0,25.0
2019-12-03,,,,,,,,,3.0,4.0,4.0,5.0,5.0,13.0,11.0,18.0,25.0,27.0,24.0,27.0,29.0,0.0
2019-12-04,,,,,,,,6.0,7.0,8.0,9.0,7.0,14.0,19.0,24.0,26.0,26.0,29.0,30.0,37.0,35.0,
2019-12-05,,,,,,,,5.0,4.0,6.0,6.0,8.0,12.0,14.0,17.0,20.0,19.0,22.0,17.0,16.0,16.0,0.0
2019-12-06,,,,,,,,0.0,3.0,4.0,5.0,6.0,6.0,7.0,6.0,10.0,13.0,16.0,12.0,17.0,20.0,1.0
2019-12-07,,,,,,,,1.0,0.0,0.0,6.0,6.0,7.0,4.0,4.0,5.0,11.0,12.0,28.0,30.0,32.0,10.0
2019-12-08,,,,,,,,7.0,7.0,9.0,11.0,10.0,14.0,14.0,12.0,22.0,21.0,22.0,20.0,17.0,19.0,1.0
2019-12-09,,,,,,,,0.0,4.0,5.0,8.0,14.0,16.0,14.0,10.0,15.0,15.0,16.0,16.0,19.0,18.0,
2019-12-10,,,,,,,,3.0,2.0,3.0,3.0,3.0,3.0,2.0,0.0,4.0,9.0,9.0,17.0,15.0,17.0,0.0
2019-12-11,,,,,,,,3.0,3.0,3.0,4.0,2.0,11.0,10.0,8.0,11.0,12.0,17.0,15.0,23.0,23.0,
2019-12-12,,,,,,,,0.0,0.0,2.0,2.0,4.0,4.0,10.0,7.0,5.0,6.0,6.0,4.0,1.0,1.0,
2019-12-13,,,,,,,,6.0,5.0,4.0,6.0,7.0,9.0,9.0,8.0,9.0,8.0,7.0,3.0,1.0,1.0,1.0
2019-12-14,,,,,,,,0.0,2.0,4.0,5.0,8.0,8.0,7.0,5.0,6.0,9.0,8.0,4.0,3.0,3.0,
2019-12-15,,,,0.0,3.0,0.0,0.0,3.0,0.0,0.0,5.0,4.0,3.0,0.0,0.0,0.0,0.0,0.0,0.0,0.0,0.0,
2019-12-16,0.0,0.0,0.0,5.0,3.0,2.0,15.0,12.0,11.0,11.0,11.0,9.0,17.0,15.0,11.0,11.0,9.0,8.0,3.0,3.0,3.0,0.0
2019-12-17,0.0,0.0,0.0,2.0,1.0,3.0,6.0,0.0,2.0,1.0,1.0,5.0,8.0,6.0,4.0,3.0,3.0,4.0,0.0,5.0,6.0,0.0
2019-12-18,0.0,0.0,0.0,3.0,13.0,10.0,12.0,2.0,2.0,2.0,5.0,8.0,9.0,21.0,20.0,52.0,51.0,51.0,51.0,57.0,57.0,0.0
2019-12-19,0.0,0.0,0.0,3.0,5.0,3.0,5.0,8.0,8.0,8.0,7.0,7.0,9.0,7.0,3.0,3.0,1.0,0.0,1.0,0.0,1.0,
2019-12-20,0.0,0.0,,4.0,5.0,6.0,8.0,4.0,4.0,4.0,5.0,7.0,8.0,6.0,3.0,1.0,2.0,5.0,4.0,7.0,6.0,5.0
2019-12-21,0.0,,0.0,3.0,0.0,3.0,1.0,0.0,1.0,1.0,2.0,4.0,4.0,1.0,0.0,2.0,1.0,1.0,4.0,2.0,2.0,3.0
2019-12-22,0.0,0.0,0.0,3.0,3.0,3.0,0.0,0.0,0.0,0.0,1.0,1.0,2.0,5.0,3.0,2.0,1.0,3.0,0.0,3.0,,0.0
2019-12-23,0.0,3.0,4.0,8.0,3.0,0.0,1.0,6.0,6.0,5.0,5.0,5.0,8.0,58.0,58.0,59.0,59.0,58.0,53.0,54.0,54.0,30.0
2019-12-24,19.0,19.0,19.0,23.0,18.0,15.0,15.0,5.0,4.0,6.0,6.0,6.0,7.0,5.0,2.0,3.0,1.0,2.0,0.0,1.0,1.0,0.0
2019-12-25,0.0,0.0,1.0,6.0,5.0,7.0,59.0,49.0,50.0,51.0,51.0,51.0,58.0,59.0,58.0,63.0,62.0,62.0,63.0,63.0,63.0,28.0
2019-12-26,4.0,5.0,5.0,7.0,2.0,1.0,0.0,0.0,0.0,1.0,2.0,1.0,1.0,4.0,1.0,7.0,6.0,5.0,2.0,2.0,2.0,0.0
2019-12-27,,,,,,0.0,1.0,2.0,2.0,2.0,2.0,0.0,0.0,0.0,4.0,9.0,10.0,9.0,4.0,2.0,2.0,0.0
2019-12-28,0.0,0.0,,4.0,5.0,5.0,9.0,1.0,0.0,1.0,2.0,2.0,3.0,1.0,1.0,0.0,0.0,0.0,0.0,0.0,0.0,0.0
2019-12-29,1.0,1.0,0.0,4.0,3.0,2.0,2.0,0.0,,,0.0,1.0,2.0,1.0,0.0,0.0,0.0,0.0,3.0,5.0,5.0,0.0
2019-12-30,0.0,0.0,0.0,4.0,2.0,0.0,2.0,0.0,2.0,2.0,3.0,1.0,2.0,1.0,0.0,3.0,2.0,3.0,1.0,2.0,1.0,2.0
2019-12-31,2.0,1.0,1.0,7.0,3.0,0.0,0.0,2.0,1.0,0.0,0.0,0.0,1.0,0.0,0.0,1.0,0.0,0.0,3.0,2.0,2.0,0.0
2020-01-01,,,,0.0,4.0,4.0,3.0,4.0,3.0,2.0,2.0,7.0,8.0,6.0,1.0,3.0,0.0,1.0,0.0,0.0,2.0,0.0
2020-01-02,1.0,0.0,3.0,6.0,3.0,0.0,1.0,8.0,,7.0,6.0,8.0,11.0,13.0,10.0,11.0,9.0,9.0,9.0,9.0,9.0,0.0
2020-01-03,0.0,3.0,4.0,8.0,9.0,8.0,8.0,7.0,7.0,7.0,9.0,8.0,7.0,6.0,3.0,2.0,0.0,1.0,1.0,3.0,3.0,5.0
2020-01-04,0.0,0.0,0.0,2.0,0.0,0.0,2.0,1.0,1.0,5.0,6.0,4.0,5.0,6.0,3.0,1.0,1.0,2.0,2.0,3.0,3.0,
2020-01-05,0.0,3.0,1.0,4.0,1.0,4.0,7.0,7.0,,2.0,1.0,1.0,2.0,2.0,0.0,3.0,2.0,2.0,4.0,2.0,2.0,0.0
2020-01-06,1.0,5.0,5.0,8.0,7.0,1.0,1.0,0.0,2.0,1.0,1.0,1.0,1.0,0.0,0.0,7.0,8.0,8.0,3.0,3.0,3.0,0.0
2020-01-07,0.0,0.0,0.0,3.0,8.0,5.0,7.0,3.0,2.0,3.0,4.0,3.0,3.0,1.0,0.0,1.0,0.0,0.0,1.0,4.0,4.0,2.0
2020-01-08,0.0,0.0,0.0,3.0,2.0,4.0,7.0,6.0,7.0,8.0,8.0,8.0,16.0,21.0,19.0,24.0,25.0,26.0,24.0,24.0,24.0,0.0
2020-01-09,0.0,0.0,0.0,3.0,0.0,12.0,12.0,3.0,7.0,8.0,9.0,8.0,10.0,9.0,7.0,6.0,5.0,5.0,2.0,2.0,2.0,2.0
2020-01-10,0.0,0.0,0.0,5.0,6.0,3.0,4.0,1.0,1.0,2.0,2.0,10.0,9.0,6.0,7.0,10.0,8.0,9.0,7.0,6.0,6.0,0.0
2020-01-11,0.0,,0.0,3.0,0.0,0.0,5.0,0.0,3.0,3.0,3.0,2.0,2.0,2.0,0.0,0.0,0.0,1.0,3.0,2.0,2.0,0.0
2020-01-12,0.0,0.0,0.0,2.0,4.0,1.0,0.0,0.0,2.0,0.0,0.0,0.0,1.0,0.0,0.0,1.0,0.0,0.0,0.0,2.0,3.0,
2020-01-13,0.0,0.0,0.0,5.0,5.0,1.0,1.0,0.0,1.0,1.0,2.0,2.0,1.0,0.0,2.0,2.0,2.0,3.0,0.0,2.0,1.0,
2020-01-14,0.0,2.0,2.0,5.0,2.0,1.0,1.0,0.0,1.0,0.0,0.0,1.0,2.0,1.0,0.0,1.0,0.0,1.0,0.0,10.0,9.0,0.0
2020-01-15,0.0,1.0,,4.0,4.0,3.0,2.0,0.0,2.0,1.0,1.0,1.0,2.0,1.0,0.0,0.0,0.0,0.0,0.0,7.0,7.0,0.0
2020-01-16,0.0,3.0,3.0,6.0,2.0,2.0,2.0,1.0,1.0,2.0,2.0,2.0,2.0,0.0,0.0,2.0,2.0,0.0,1.0,0.0,0.0,2.0
2020-01-17,0.0,0.0,0.0,3.0,2.0,0.0,2.0,3.0,3.0,6.0,6.0,8.0,7.0,13.0,7.0,7.0,7.0,10.0,10.0,9.0,9.0,5.0
2020-01-18,0.0,0.0,0.0,3.0,3.0,2.0,6.0,10.0,10.0,11.0,11.0,11.0,11.0,22.0,42.0,41.0,47.0,50.0,44.0,42.0,42.0,0.0
2020-01-19,0.0,0.0,0.0,4.0,2.0,0.0,1.0,0.0,0.0,1.0,1.0,1.0,1.0,0.0,0.0,1.0,0.0,2.0,4.0,5.0,5.0,0.0
2020-01-20,0.0,0.0,0.0,3.0,5.0,0.0,1.0,0.0,0.0,0.0,1.0,,,14.0,10.0,8.0,8.0,9.0,8.0,10.0,11.0,5.0
2020-01-21,0.0,2.0,2.0,5.0,2.0,0.0,1.0,0.0,1.0,0.0,1.0,,,26.0,23.0,23.0,20.0,18.0,18.0,17.0,16.0,4.0
2020-01-22,0.0,0.0,0.0,4.0,31.0,26.0,27.0,19.0,17.0,16.0,15.0,,,23.0,20.0,24.0,24.0,28.0,30.0,30.0,30.0,0.0
2020-01-23,0.0,0.0,0.0,3.0,0.0,0.0,2.0,0.0,2.0,2.0,2.0,3.0,5.0,3.0,0.0,12.0,11.0,11.0,4.0,8.0,9.0,1.0
2020-01-24,0.0,1.0,1.0,2.0,1.0,0.0,1.0,0.0,0.0,0.0,0.0,1.0,5.0,4.0,1.0,5.0,3.0,3.0,2.0,8.0,12.0,3.0
2020-01-25,0.0,0.0,0.0,0.0,0.0,0.0,0.0,0.0,1.0,1.0,0.0,0.0,2.0,2.0,0.0,0.0,0.0,1.0,1.0,2.0,2.0,0.0
2020-01-26,,0.0,,0.0,0.0,0.0,0.0,2.0,3.0,1.0,1.0,0.0,1.0,0.0,7.0,5.0,3.0,2.0,1.0,0.0,1.0,1.0
2020-01-27,0.0,1.0,1.0,3.0,2.0,1.0,2.0,0.0,1.0,3.0,2.0,1.0,0.0,0.0,0.0,14.0,13.0,15.0,11.0,15.0,19.0,1.0
2020-01-28,0.0,2.0,3.0,4.0,7.0,2.0,2.0,0.0,1.0,0.0,1.0,7.0,7.0,10.0,7.0,6.0,4.0,4.0,2.0,2.0,1.0,2.0
2020-01-29,0.0,0.0,0.0,6.0,4.0,1.0,3.0,3.0,2.0,3.0,4.0,4.0,4.0,2.0,0.0,1.0,2.0,5.0,8.0,9.0,10.0,2.0
2020-01-30,2.0,3.0,3.0,7.0,5.0,7.0,8.0,3.0,2.0,1.0,1.0,0.0,0.0,0.0,0.0,2.0,0.0,2.0,8.0,7.0,7.0,3.0
2020-01-31,0.0,0.0,0.0,4.0,0.0,0.0,1.0,0.0,1.0,2.0,3.0,1.0,3.0,0.0,1.0,4.0,3.0,3.0,2.0,2.0,1.0,0.0
2020-02-01,0.0,0.0,0.0,4.0,3.0,1.0,25.0,21.0,22.0,23.0,31.0,31.0,34.0,34.0,36.0,35.0,34.0,39.0,40.0,39.0,39.0,0.0
2020-02-02,,0.0,,0.0,25.0,21.0,28.0,29.0,30.0,31.0,32.0,31.0,35.0,35.0,30.0,33.0,32.0,33.0,29.0,29.0,30.0,0.0
2020-02-03,0.0,0.0,0.0,5.0,3.0,1.0,3.0,0.0,1.0,3.0,8.0,7.0,11.0,8.0,7.0,4.0,3.0,3.0,3.0,3.0,2.0,
2020-02-04,0.0,2.0,3.0,6.0,4.0,0.0,0.0,0.0,2.0,3.0,6.0,11.0,11.0,8.0,2.0,1.0,0.0,2.0,2.0,4.0,3.0,2.0
2020-02-05,0.0,2.0,2.0,3.0,4.0,2.0,2.0,0.0,2.0,2.0,3.0,1.0,4.0,2.0,0.0,5.0,4.0,4.0,3.0,3.0,4.0,0.0
2020-02-06,,1.0,,2.0,2.0,0.0,3.0,0.0,2.0,3.0,3.0,2.0,3.0,4.0,0.0,0.0,0.0,0.0,1.0,3.0,2.0,2.0
2020-02-07,0.0,0.0,0.0,0.0,28.0,,,,,,,,33.0,,,,,,43.0,45.0,,0.0
2020-02-08,0.0,,,4.0,6.0,1.0,1.0,0.0,2.0,1.0,1.0,0.0,5.0,3.0,0.0,1.0,2.0,3.0,1.0,1.0,1.0,0.0
2020-02-09,0.0,0.0,0.0,2.0,1.0,10.0,9.0,0.0,1.0,1.0,1.0,1.0,1.0,1.0,0.0,13.0,12.0,,,,0.0,0.0
2020-02-10,0.0,0.0,0.0,0.0,,,,,,,,,,,,,,,,,1.0,0.0
2020-02-11,0.0,0.0,0.0,0.0,,,,,,,,,,,,,,,,,1.0,2.0
2020-02-12,1.0,3.0,3.0,3.0,1.0,0.0,0.0,0.0,3.0,3.0,4.0,1.0,7.0,6.0,1.0,4.0,5.0,,,,,0.0
2020-02-13,1.0,0.0,0.0,2.0,3.0,1.0,0.0,0.0,0.0,3.0,3.0,7.0,14.0,12.0,12.0,19.0,18.0,19.0,33.0,56.0,59.0,59.0
2020-02-14,0.0,0.0,0.0,3.0,2.0,2.0,3.0,5.0,7.0,7.0,9.0,9.0,32.0,29.0,25.0,26.0,26.0,27.0,22.0,23.0,25.0,0.0
2020-02-15,1.0,1.0,0.0,3.0,2.0,0.0,1.0,2.0,,3.0,4.0,3.0,9.0,9.0,4.0,7.0,5.0,4.0,1.0,2.0,2.0,0.0
2020-02-16,,,,2.0,0.0,1.0,1.0,1.0,1.0,0.0,0.0,0.0,0.0,0.0,1.0,1.0,10.0,7.0,0.0,3.0,3.0,0.0
2020-02-17,0.0,1.0,1.0,2.0,1.0,5.0,4.0,7.0,6.0,5.0,19.0,34.0,35.0,38.0,37.0,41.0,44.0,48.0,46.0,55.0,56.0,0.0
2020-02-18,0.0,0.0,0.0,3.0,2.0,0.0,1.0,0.0,1.0,1.0,3.0,1.0,2.0,2.0,17.0,14.0,12.0,11.0,6.0,4.0,5.0,
2020-02-19,1.0,1.0,1.0,5.0,3.0,6.0,7.0,2.0,1.0,3.0,3.0,1.0,1.0,0.0,2.0,6.0,4.0,10.0,5.0,7.0,10.0,1.0
2020-02-20,0.0,1.0,2.0,3.0,4.0,6.0,7.0,6.0,6.0,8.0,9.0,16.0,18.0,17.0,13.0,16.0,20.0,19.0,15.0,14.0,21.0,1.0
2020-02-21,0.0,0.0,1.0,6.0,4.0,0.0,0.0,0.0,0.0,1.0,1.0,0.0,1.0,0.0,2.0,2.0,2.0,4.0,3.0,14.0,12.0,2.0
2020-02-22,0.0,1.0,0.0,1.0,1.0,0.0,0.0,0.0,,5.0,6.0,8.0,10.0,10.0,8.0,11.0,10.0,9.0,5.0,7.0,6.0,0.0
2020-02-23,0.0,0.0,0.0,3.0,0.0,7.0,8.0,10.0,9.0,11.0,12.0,14.0,14.0,12.0,10.0,9.0,11.0,11.0,6.0,6.0,9.0,9.0
2020-02-24,1.0,1.0,1.0,4.0,1.0,0.0,2.0,2.0,2.0,3.0,8.0,11.0,19.0,18.0,20.0,29.0,28.0,28.0,24.0,26.0,31.0,0.0
2020-02-25,0.0,3.0,3.0,5.0,9.0,30.0,31.0,23.0,23.0,22.0,26.0,28.0,28.0,27.0,27.0,35.0,27.0,27.0,20.0,19.0,19.0,0.0
2020-02-26,4.0,4.0,4.0,18.0,14.0,10.0,10.0,3.0,3.0,7.0,7.0,9.0,10.0,9.0,5.0,7.0,5.0,11.0,12.0,12.0,11.0,2.0
2020-02-27,0.0,0.0,0.0,4.0,4.0,0.0,1.0,3.0,2.0,1.0,2.0,1.0,6.0,4.0,0.0,2.0,0.0,2.0,3.0,2.0,2.0,2.0
2020-02-28,0.0,0.0,0.0,3.0,2.0,2.0,0.0,4.0,2.0,1.0,1.0,0.0,0.0,0.0,0.0,1.0,0.0,3.0,2.0,2.0,2.0,2.0
2020-02-29,0.0,4.0,4.0,4.0,2.0,3.0,1.0,3.0,,1.0,3.0,3.0,6.0,0.0,1.0,5.0,7.0,9.0,7.0,8.0,,
2020-03-01,,,,0.0,0.0,0.0,3.0,0.0,1.0,2.0,2.0,2.0,2.0,0.0,0.0,1.0,1.0,2.0,0.0,0.0,0.0,0.0
2020-03-02,1.0,0.0,0.0,1.0,7.0,1.0,1.0,0.0,3.0,3.0,3.0,7.0,8.0,5.0,2.0,1.0,2.0,2.0,1.0,2.0,5.0,0.0
2020-03-03,0.0,2.0,3.0,17.0,14.0,7.0,6.0,0.0,0.0,3.0,3.0,6.0,7.0,7.0,7.0,10.0,9.0,9.0,5.0,4.0,5.0,3.0
2020-03-04,0.0,4.0,4.0,4.0,2.0,1.0,1.0,0.0,3.0,6.0,6.0,6.0,8.0,6.0,1.0,1.0,0.0,1.0,0.0,0.0,0.0,1.0
2020-03-05,0.0,1.0,1.0,2.0,2.0,0.0,0.0,0.0,2.0,3.0,6.0,9.0,8.0,5.0,0.0,4.0,7.0,6.0,3.0,5.0,5.0,3.0
2020-03-06,54.0,58.0,58.0,61.0,61.0,57.0,57.0,52.0,53.0,53.0,53.0,69.0,,,,,,,,,,13.0
2020-03-07,0.0,0.0,0.0,3.0,7.0,1.0,2.0,4.0,,16.0,18.0,15.0,14.0,9.0,6.0,10.0,8.0,8.0,10.0,11.0,9.0,0.0
2020-03-08,0.0,0.0,0.0,2.0,4.0,1.0,2.0,6.0,,12.0,11.0,14.0,15.0,16.0,17.0,27.0,37.0,39.0,43.0,45.0,47.0,0.0
2020-03-09,2.0,2.0,2.0,5.0,13.0,26.0,32.0,27.0,26.0,26.0,34.0,34.0,35.0,35.0,34.0,95.0,118.0,126.0,123.0,,,0.0
2020-03-10,0.0,4.0,4.0,8.0,7.0,1.0,4.0,1.0,2.0,5.0,5.0,3.0,24.0,23.0,20.0,23.0,21.0,20.0,26.0,29.0,27.0,35.0
2020-03-11,0.0,0.0,0.0,2.0,2.0,0.0,0.0,0.0,2.0,1.0,2.0,1.0,7.0,10.0,6.0,9.0,28.0,30.0,35.0,34.0,37.0,0.0
2020-03-12,0.0,0.0,0.0,1.0,3.0,0.0,2.0,0.0,1.0,1.0,0.0,5.0,7.0,6.0,4.0,8.0,6.0,6.0,4.0,3.0,4.0,0.0
2020-03-13,0.0,4.0,4.0,3.0,1.0,0.0,1.0,0.0,0.0,1.0,1.0,2.0,2.0,0.0,1.0,6.0,5.0,5.0,8.0,26.0,25.0,4.0
2020-03-14,0.0,3.0,2.0,2.0,1.0,1.0,1.0,5.0,,1.0,2.0,6.0,5.0,0.0,1.0,0.0,10.0,10.0,14.0,13.0,11.0,0.0
2020-03-15,0.0,0.0,0.0,2.0,2.0,0.0,0.0,3.0,,0.0,0.0,1.0,0.0,6.0,2.0,6.0,4.0,3.0,3.0,12.0,12.0,0.0
2020-03-16,0.0,3.0,3.0,3.0,2.0,0.0,2.0,0.0,1.0,1.0,2.0,0.0,,19.0,23.0,24.0,24.0,24.0,25.0,35.0,35.0,
2020-03-17,0.0,3.0,3.0,3.0,1.0,0.0,1.0,4.0,3.0,2.0,3.0,2.0,4.0,2.0,1.0,2.0,3.0,3.0,1.0,7.0,8.0,2.0
2020-03-18,,0.0,0.0,3.0,0.0,0.0,1.0,0.0,1.0,1.0,1.0,0.0,0.0,0.0,0.0,9.0,10.0,10.0,13.0,13.0,12.0,3.0
2020-03-19,0.0,,,,,,,,,,,,,,,,,,,,0.0,
2020-03-20,0.0,0.0,0.0,0.0,,,,,,,,,,,,,,,,,,
2020-03-21,0.0,,0.0,,,,,,,,,,,,,,,,,,,
2020-03-22,0.0,0.0,0.0,0.0,,,,,,,,,,,,,,0.0,,,,
2020-03-23,,,,,,,,,,,,,,,,,,,,,,
2020-03-24,,,,,,,,,,,,,,,,,,,,,,
2020-03-25,,,,,,,,,,,,,,,,,,,,,,
2020-03-26,,,,,,,,,,,,,,,,,,,,,,
2020-03-27,,,,,,,,,,,,,,,,,,,,,,
2020-03-28,,,,,,,,,,,,,,,,,,,,,,
2020-03-29,,,,,,,,,,,,,,,,,,,,,,
2020-03-30,,,,,,,,,,,,,,,,,,,,,,
2020-03-31,,,,,,,,,,,,,,,,,,,,,,
2020-04-01,,,,,,,,,,,,,,,,,,,,,,
2020-04-02,,,,,,,,,,,,,,,,,,,,,,
2020-04-03,,,,,,,,,,,,,,,,,,,,,,
2020-04-04,,,,,,,,,,,,,,,,,,,,,,
2020-04-05,,,,,,,,,,,,,,,,,,,,,,
2020-04-06,,,,,,,,,,,,,,,,,,,,,,
2020-04-07,,,,,,,,,,,,,,,,,,,,,,
2020-04-08,,,,,,,,,,,,,,,,,,,,,,
2020-04-09,,,,,,,,,,,,,,,,,,,,,,
2020-04-10,,,,,,,,,,,,,,,,,,,,,,
2020-04-11,,,,,,,,,,,,,,,,,,,,,,
2020-04-12,,,,,,,,,,,,,,,,,,,,,,
2020-04-13,,,,,,,,,,,,,,,,,,,,,,
2020-04-14,,,,,,,,,,,,,,,,,,,,,,
2020-04-15,,,,,,,,,,,,,,,,,,,,,,
2020-04-16,,,,,,,,,,,,,,,,,,,,,,
2020-04-17,,,,,,,,,,,,,,,,,,,,,,
2020-04-18,,,,,,,,,,,,,,,,,,,,,,
2020-04-19,,,,,,,,,,,,,,,,,,,,,,
2020-04-20,,,,,,,,,,,,,,,,,,,,,,
2020-04-21,,,,,,,,,,,,,,,,,,,,,,
2020-04-22,,,,,,,,,,,,,,,,,,,,,,
2020-04-23,,,,,,,,,,,,,,,,,,,,,,
2020-04-24,,,,,,,,,,,,,,,,,,,,,,
2020-04-25,,,,,,,,,,,,,,,,,,,,,,
2020-04-26,,,,,,,,,,,,,,,,,,,,,,
2020-04-27,,,,,,,,,,,,,,,,,,,,,,
2020-04-28,,,,,,,,,,,,,,,,,,,,,,
2020-04-29,,,,,,,,,,,,,,,,,,,,,,
2020-04-30,,,,,,,,,,,,,,,,,,,,,,
2020-05-01,,,,,,,,,,,,,,,,,,,,,,
2020-05-02,,,,,,,,,,,,,,,,,,,,,,
2020-05-03,,,,,,,,,,,,,,,,,,,,,,
2020-05-04,,,,,,,,,,,,,,,,,,,,,,
2020-05-05,,,,,,,,,,,,,,,,,,,,,,
2020-05-06,,,,,,,,,,,,,,,,,,,,,,
2020-05-07,,,,,,,,,,,,,,,,,,,,,,
2020-05-08,,,,,,,,,,,,,,,,,,,,,,
2020-05-09,,,,,,,,,,,,,,,,,,,,,,
2020-05-10,,,,,,,,,,,,,,,,,,,,,,
2020-05-11,,,,,,,,,,,,,,,,,,,,,,
2020-05-12,,,,,,,,,,,,,,,,,,,,,,
2020-05-13,,,,,,,,,,,,,,,,,,,,,,
2020-05-14,,,,,,,,,,,,,,,,,,,,,,
2020-05-15,,,,,,,,,,,,,,,,,,,,,,
2020-05-16,,,,,,,,,,,,,,,,,,,,,,
2020-05-17,,,,,,,,,,,,,,,,,,,,,,
2020-05-18,,,,,,,,,,,,,,,,,,,,,,
2020-05-19,,,,,,,,,,,,,,,,,,,,,,
2020-05-20,,,,,,,0.0,0.0,,,,,,,0.0,0.0,,,0.0,,0.0,0.0
2020-05-21,,,,,,,,,,,,,,,,,,,,,,
2020-05-22,,,,,,,,,,,,,,,,,,,,,,
2020-05-23,,,,,,0.0,0.0,,,,,,,,0.0,0.0,,,0.0,0.0,,
2020-05-24,,,,,,,,,,,,,,,,,,,,,,
2020-05-25,,,,,,,,,,,,,,,,,,,,,,
2020-05-26,0.0,0.0,0.0,1.0,2.0,0.0,1.0,22.0,21.0,22.0,22.0,23.0,,63.0,75.0,75.0,,,75.0,74.0,75.0,0.0
2020-05-27,,,,,0.0,0.0,1.0,0.0,2.0,4.0,5.0,4.0,4.0,8.0,10.0,9.0,,,2.0,2.0,2.0,
2020-05-28,0.0,0.0,0.0,2.0,1.0,0.0,0.0,0.0,,7.0,5.0,,5.0,7.0,16.0,20.0,,,17.0,13.0,14.0,2.0
2020-05-29,1.0,0.0,0.0,1.0,6.0,0.0,3.0,0.0,1.0,1.0,1.0,3.0,3.0,3.0,3.0,3.0,,,0.0,2.0,1.0,0.0
2020-05-30,,,,0.0,0.0,0.0,3.0,4.0,4.0,6.0,0.0,0.0,3.0,1.0,2.0,7.0,,,7.0,6.0,5.0,
2020-05-31,0.0,0.0,0.0,1.0,0.0,5.0,3.0,1.0,6.0,4.0,1.0,1.0,6.0,0.0,2.0,3.0,,,0.0,4.0,5.0,
2020-06-01,0.0,0.0,0.0,1.0,0.0,0.0,0.0,0.0,1.0,2.0,3.0,8.0,11.0,9.0,18.0,18.0,,,13.0,14.0,13.0,1.0
2020-06-02,,,,0.0,0.0,0.0,1.0,2.0,4.0,6.0,6.0,5.0,8.0,10.0,10.0,12.0,,,8.0,8.0,8.0,2.0
2020-06-03,,,,,0.0,0.0,0.0,0.0,1.0,2.0,2.0,1.0,2.0,1.0,2.0,0.0,6.0,,5.0,3.0,1.0,
2020-06-04,,,,0.0,1.0,0.0,2.0,0.0,1.0,2.0,3.0,18.0,19.0,17.0,20.0,16.0,,,47.0,51.0,51.0,44.0
2020-06-05,0.0,3.0,2.0,7.0,,,,,,,,,,,,,,,,,33.0,0.0
2020-06-06,0.0,1.0,0.0,2.0,3.0,,40.0,36.0,36.0,37.0,37.0,35.0,39.0,79.0,,,,,,,57.0,
2020-06-07,0.0,1.0,0.0,2.0,9.0,3.0,4.0,0.0,1.0,1.0,1.0,0.0,6.0,6.0,10.0,10.0,,,5.0,6.0,,0.0
2020-06-08,,,,,0.0,1.0,3.0,0.0,0.0,3.0,3.0,2.0,6.0,3.0,6.0,7.0,6.0,,3.0,2.0,1.0,8.0
2020-06-09,0.0,1.0,0.0,2.0,2.0,0.0,3.0,0.0,0.0,0.0,2.0,5.0,12.0,13.0,16.0,20.0,,,14.0,12.0,11.0,0.0
2020-06-10,0.0,4.0,2.0,5.0,2.0,1.0,1.0,0.0,1.0,3.0,4.0,9.0,9.0,11.0,8.0,20.0,,,15.0,13.0,17.0,2.0
2020-06-11,,,,,,0.0,6.0,0.0,4.0,5.0,4.0,3.0,4.0,2.0,18.0,17.0,,,16.0,16.0,22.0,1.0
2020-06-12,,,,3.0,0.0,0.0,0.0,0.0,0.0,2.0,2.0,21.0,22.0,21.0,19.0,23.0,,,20.0,17.0,21.0,
2020-06-13,,,,0.0,0.0,0.0,,0.0,0.0,0.0,0.0,3.0,0.0,5.0,0.0,3.0,,,2.0,2.0,1.0,
2020-06-14,,,,0.0,0.0,0.0,,0.0,0.0,0.0,0.0,2.0,5.0,7.0,15.0,14.0,13.0,,17.0,18.0,19.0,
2020-06-15,,,,0.0,3.0,5.0,5.0,0.0,0.0,3.0,7.0,8.0,7.0,8.0,8.0,10.0,,,5.0,40.0,41.0,19.0
2020-06-16,0.0,1.0,1.0,3.0,3.0,0.0,1.0,0.0,2.0,5.0,5.0,4.0,5.0,5.0,4.0,4.0,,,,,23.0,0.0
2020-06-17,0.0,0.0,2.0,1.0,0.0,0.0,2.0,0.0,0.0,0.0,2.0,0.0,0.0,2.0,8.0,5.0,,,2.0,4.0,5.0,
2020-06-18,0.0,2.0,1.0,2.0,1.0,0.0,2.0,0.0,4.0,7.0,7.0,6.0,6.0,8.0,5.0,4.0,,,1.0,6.0,6.0,1.0
2020-06-19,0.0,2.0,0.0,2.0,2.0,1.0,1.0,0.0,2.0,3.0,3.0,2.0,2.0,1.0,1.0,1.0,,,8.0,6.0,8.0,1.0
2020-06-20,0.0,4.0,4.0,4.0,4.0,0.0,,0.0,6.0,7.0,6.0,9.0,22.0,24.0,27.0,31.0,,,33.0,44.0,45.0,0.0
2020-06-21,0.0,1.0,1.0,1.0,0.0,0.0,,0.0,1.0,1.0,0.0,1.0,0.0,1.0,7.0,2.0,,,0.0,1.0,1.0,0.0
2020-06-22,0.0,1.0,1.0,0.0,1.0,0.0,0.0,0.0,1.0,6.0,8.0,8.0,9.0,11.0,12.0,17.0,,,17.0,24.0,27.0,1.0
2020-06-23,0.0,1.0,1.0,1.0,1.0,0.0,0.0,0.0,1.0,2.0,7.0,8.0,8.0,7.0,4.0,6.0,,,9.0,10.0,12.0,
2020-06-24,0.0,3.0,2.0,1.0,2.0,0.0,1.0,0.0,2.0,4.0,5.0,6.0,5.0,7.0,13.0,14.0,,,30.0,35.0,37.0,0.0
2020-06-25,,,,2.0,2.0,0.0,3.0,0.0,0.0,7.0,8.0,10.0,12.0,17.0,21.0,25.0,,,23.0,31.0,33.0,
2020-06-26,,,,0.0,0.0,0.0,0.0,,,0.0,3.0,2.0,5.0,5.0,9.0,11.0,,,9.0,7.0,,
2020-06-27,,,,,,0.0,0.0,0.0,,,0.0,1.0,1.0,2.0,2.0,1.0,,,0.0,2.0,2.0,0.0
2020-06-28,,,,,,,0.0,1.0,1.0,3.0,5.0,1.0,2.0,2.0,1.0,1.0,,,0.0,2.0,2.0,0.0
2020-06-29,,,,0.0,0.0,0.0,2.0,,0.0,5.0,5.0,5.0,7.0,6.0,26.0,28.0,,,21.0,20.0,21.0,24.0
2020-06-30,0.0,1.0,1.0,4.0,8.0,8.0,10.0,6.0,7.0,9.0,9.0,7.0,10.0,10.0,8.0,5.0,,,2.0,8.0,8.0,2.0
2020-07-01,,,,0.0,0.0,3.0,5.0,2.0,2.0,7.0,15.0,13.0,13.0,18.0,16.0,16.0,,,17.0,26.0,25.0,13.0
2020-07-02,0.0,3.0,2.0,3.0,2.0,0.0,2.0,1.0,7.0,10.0,13.0,10.0,13.0,23.0,24.0,24.0,,,,,,4.0
2020-07-03,,,,0.0,0.0,0.0,0.0,3.0,0.0,6.0,7.0,10.0,15.0,14.0,10.0,7.0,,,1.0,3.0,3.0,3.0
2020-07-04,,,,,,0.0,5.0,1.0,1.0,3.0,6.0,3.0,4.0,2.0,0.0,0.0,,,2.0,3.0,2.0,0.0
2020-07-05,1.0,2.0,1.0,3.0,8.0,7.0,8.0,1.0,2.0,5.0,10.0,8.0,9.0,7.0,4.0,6.0,,,5.0,5.0,0.0,0.0
2020-07-06,,,,0.0,0.0,7.0,7.0,2.0,0.0,,0.0,7.0,13.0,15.0,17.0,25.0,,,24.0,18.0,29.0,
2020-07-07,,,,0.0,0.0,4.0,4.0,0.0,,0.0,8.0,8.0,10.0,7.0,10.0,8.0,,,8.0,4.0,4.0,
2020-07-08,1.0,2.0,2.0,5.0,2.0,7.0,9.0,0.0,3.0,5.0,6.0,7.0,7.0,7.0,7.0,12.0,,,8.0,9.0,8.0,1.0
2020-07-09,,,,0.0,2.0,0.0,0.0,2.0,,4.0,4.0,0.0,1.0,3.0,0.0,1.0,,,4.0,11.0,,4.0
2020-07-10,0.0,2.0,2.0,4.0,5.0,3.0,5.0,0.0,1.0,3.0,3.0,1.0,2.0,10.0,6.0,4.0,,,7.0,12.0,11.0,0.0
2020-07-11,,,5.0,5.0,1.0,0.0,0.0,0.0,1.0,2.0,2.0,2.0,3.0,0.0,0.0,2.0,,,0.0,0.0,,
2020-07-12,,,,0.0,1.0,3.0,4.0,0.0,1.0,1.0,2.0,11.0,11.0,9.0,7.0,6.0,,,1.0,2.0,6.0,2.0
2020-07-13,,,,0.0,0.0,0.0,0.0,0.0,0.0,5.0,,5.0,8.0,5.0,3.0,4.0,,,4.0,5.0,5.0,2.0
2020-07-14,,3.0,2.0,6.0,3.0,0.0,2.0,0.0,4.0,7.0,9.0,9.0,9.0,6.0,2.0,2.0,2.0,,2.0,7.0,7.0,
2020-07-15,0.0,2.0,0.0,1.0,3.0,1.0,1.0,0.0,1.0,2.0,3.0,4.0,9.0,7.0,4.0,0.0,,,0.0,3.0,3.0,1.0
2020-07-16,,,0.0,1.0,1.0,1.0,2.0,0.0,1.0,3.0,6.0,9.0,10.0,11.0,25.0,26.0,,,20.0,22.0,23.0,0.0
2020-07-17,7.0,8.0,7.0,8.0,8.0,23.0,23.0,14.0,16.0,18.0,21.0,19.0,18.0,14.0,8.0,5.0,3.0,,,0.0,0.0,
2020-07-18,0.0,4.0,2.0,4.0,3.0,1.0,1.0,2.0,,0.0,2.0,3.0,5.0,12.0,6.0,7.0,5.0,,1.0,9.0,8.0,1.0
2020-07-19,,,,,,0.0,3.0,0.0,,0.0,3.0,,,6.0,4.0,6.0,,,9.0,42.0,42.0,24.0
2020-07-20,2.0,5.0,4.0,5.0,2.0,0.0,1.0,0.0,1.0,2.0,2.0,,,7.0,6.0,6.0,,,14.0,17.0,14.0,0.0
2020-07-21,1.0,3.0,2.0,6.0,7.0,3.0,3.0,0.0,2.0,4.0,14.0,,,45.0,41.0,50.0,,,54.0,54.0,55.0,0.0
2020-07-22,0.0,2.0,0.0,2.0,1.0,7.0,7.0,1.0,5.0,5.0,5.0,,,3.0,0.0,0.0,,,12.0,11.0,10.0,2.0
2020-07-23,0.0,2.0,0.0,1.0,2.0,0.0,0.0,1.0,1.0,2.0,3.0,,,16.0,12.0,14.0,,,14.0,25.0,27.0,0.0
2020-07-24,0.0,2.0,0.0,0.0,1.0,0.0,0.0,1.0,,1.0,1.0,,,0.0,0.0,1.0,,,2.0,3.0,3.0,2.0
2020-07-25,,,,0.0,2.0,1.0,3.0,3.0,,0.0,1.0,,,192.0,197.0,204.0,208.0,,222.0,220.0,214.0,0.0
2020-07-26,0.0,2.0,1.0,3.0,10.0,7.0,7.0,1.0,,3.0,7.0,,,14.0,13.0,20.0,,,30.0,28.0,28.0,22.0
2020-07-27,0.0,1.0,11.0,12.0,9.0,10.0,10.0,2.0,2.0,3.0,6.0,,,12.0,14.0,15.0,12.0,,22.0,21.0,22.0,
2020-07-28,0.0,2.0,0.0,1.0,0.0,3.0,2.0,0.0,1.0,4.0,3.0,,,4.0,6.0,5.0,4.0,,9.0,10.0,10.0,3.0
2020-07-29,,,,2.0,1.0,1.0,1.0,0.0,1.0,5.0,6.0,,,9.0,6.0,6.0,,,8.0,11.0,10.0,1.0
2020-07-30,,,,0.0,1.0,7.0,7.0,0.0,1.0,1.0,1.0,,,5.0,3.0,23.0,,,38.0,47.0,48.0,
2020-07-31,0.0,2.0,0.0,1.0,2.0,0.0,1.0,0.0,2.0,11.0,13.0,,,20.0,20.0,29.0,,,37.0,40.0,44.0,0.0
2020-08-01,0.0,2.0,1.0,3.0,8.0,5.0,7.0,7.0,0.0,0.0,3.0,,,17.0,14.0,18.0,,,23.0,26.0,22.0,0.0
2020-08-02,0.0,1.0,0.0,1.0,4.0,1.0,3.0,8.0,,0.0,6.0,,,17.0,14.0,13.0,,,13.0,14.0,13.0,1.0
2020-08-03,0.0,2.0,1.0,2.0,0.0,2.0,4.0,4.0,0.0,0.0,10.0,,,18.0,14.0,11.0,,,13.0,15.0,14.0,4.0
2020-08-04,,,,,2.0,0.0,1.0,1.0,0.0,0.0,3.0,,,5.0,3.0,5.0,,,5.0,4.0,4.0,1.0
2020-08-05,0.0,1.0,2.0,2.0,14.0,11.0,10.0,10.0,,0.0,7.0,,,10.0,11.0,10.0,11.0,,17.0,15.0,18.0,
2020-08-06,0.0,2.0,1.0,19.0,16.0,14.0,14.0,28.0,,19.0,26.0,,,32.0,50.0,51.0,49.0,,57.0,59.0,60.0,0.0
2020-08-07,0.0,2.0,1.0,1.0,5.0,7.0,7.0,10.0,,0.0,3.0,,,10.0,14.0,17.0,,,30.0,28.0,31.0,
2020-08-08,0.0,2.0,0.0,2.0,0.0,0.0,2.0,2.0,1.0,0.0,0.0,,,1.0,2.0,4.0,,,7.0,27.0,26.0,9.0
2020-08-09,0.0,2.0,0.0,1.0,2.0,2.0,3.0,5.0,0.0,0.0,0.0,,,0.0,0.0,2.0,,,4.0,3.0,,
2020-08-10,,,2.0,3.0,8.0,4.0,6.0,9.0,11.0,16.0,18.0,,,17.0,19.0,22.0,,,19.0,21.0,20.0,2.0
2020-08-11,1.0,3.0,1.0,3.0,1.0,1.0,3.0,2.0,1.0,4.0,6.0,,,14.0,11.0,19.0,,,176.0,190.0,190.0,0.0
2020-08-12,1.0,3.0,1.0,1.0,0.0,0.0,1.0,0.0,2.0,0.0,3.0,,,8.0,13.0,14.0,,,20.0,21.0,20.0,2.0
2020-08-13,1.0,3.0,2.0,3.0,1.0,0.0,1.0,0.0,0.0,2.0,4.0,,,31.0,55.0,60.0,,,62.0,63.0,63.0,0.0
2020-08-14,,,,0.0,0.0,4.0,6.0,11.0,10.0,12.0,15.0,,,19.0,33.0,38.0,,,35.0,34.0,34.0,31.0
2020-08-15,1.0,2.0,2.0,2.0,1.0,16.0,19.0,12.0,11.0,14.0,16.0,15.0,16.0,15.0,12.0,11.0,,,17.0,16.0,14.0,0.0
2020-08-16,,,,0.0,0.0,0.0,7.0,2.0,2.0,3.0,5.0,6.0,7.0,6.0,1.0,5.0,,,5.0,2.0,2.0,1.0
2020-08-17,3.0,1.0,0.0,1.0,6.0,9.0,12.0,6.0,6.0,8.0,9.0,8.0,7.0,13.0,9.0,7.0,,,6.0,3.0,3.0,1.0
2020-08-18,68.0,69.0,71.0,72.0,69.0,66.0,68.0,62.0,61.0,60.0,60.0,60.0,61.0,62.0,61.0,61.0,75.0,,80.0,81.0,80.0,
2020-08-19,0.0,0.0,0.0,1.0,1.0,0.0,0.0,0.0,2.0,1.0,1.0,0.0,1.0,2.0,11.0,7.0,11.0,,,,,
2020-08-20,2.0,1.0,0.0,0.0,3.0,3.0,2.0,1.0,2.0,3.0,3.0,6.0,6.0,6.0,30.0,29.0,,,29.0,31.0,31.0,0.0
2020-08-21,1.0,1.0,0.0,1.0,6.0,8.0,10.0,1.0,1.0,1.0,3.0,4.0,5.0,6.0,6.0,24.0,,,24.0,26.0,27.0,0.0
2020-08-22,1.0,1.0,0.0,1.0,1.0,1.0,4.0,0.0,2.0,2.0,2.0,29.0,30.0,31.0,33.0,36.0,,,33.0,36.0,36.0,31.0
2020-08-23,0.0,2.0,1.0,1.0,2.0,18.0,17.0,13.0,14.0,16.0,19.0,18.0,18.0,25.0,25.0,25.0,,,25.0,25.0,23.0,5.0
2020-08-24,0.0,3.0,2.0,2.0,3.0,0.0,0.0,6.0,5.0,10.0,22.0,22.0,22.0,18.0,17.0,21.0,16.0,,16.0,17.0,19.0,0.0
2020-08-25,,,,0.0,3.0,4.0,4.0,0.0,1.0,1.0,3.0,3.0,5.0,0.0,0.0,0.0,,,0.0,4.0,4.0,1.0
2020-08-26,,,0.0,2.0,3.0,6.0,8.0,2.0,0.0,1.0,1.0,6.0,12.0,13.0,9.0,7.0,,,0.0,4.0,4.0,0.0
2020-08-27,1.0,5.0,3.0,5.0,5.0,4.0,15.0,,10.0,16.0,17.0,20.0,22.0,22.0,19.0,17.0,,,14.0,16.0,17.0,
2020-08-28,0.0,0.0,0.0,0.0,,,,,,,,,,,,,,,,,,0.0
2020-08-29,0.0,1.0,0.0,3.0,0.0,0.0,0.0,0.0,0.0,0.0,5.0,8.0,14.0,10.0,8.0,6.0,,,0.0,4.0,3.0,
2020-08-30,1.0,1.0,0.0,1.0,3.0,2.0,2.0,0.0,1.0,1.0,2.0,4.0,5.0,6.0,4.0,10.0,8.0,,9.0,11.0,11.0,
2020-08-31,1.0,2.0,0.0,0.0,2.0,1.0,0.0,0.0,1.0,1.0,1.0,1.0,3.0,2.0,3.0,3.0,,,0.0,1.0,1.0,
2020-09-01,,,,0.0,0.0,,,0.0,0.0,,1.0,1.0,2.0,3.0,8.0,8.0,,,0.0,2.0,0.0,0.0
2020-09-02,46.0,49.0,51.0,53.0,50.0,60.0,63.0,52.0,53.0,54.0,55.0,,,91.0,98.0,99.0,,,99.0,106.0,109.0,0.0
2020-09-03,,,,0.0,0.0,0.0,2.0,0.0,2.0,4.0,4.0,4.0,6.0,7.0,3.0,6.0,,,7.0,6.0,6.0,3.0
2020-09-04,3.0,2.0,7.0,22.0,19.0,18.0,22.0,13.0,13.0,15.0,16.0,27.0,28.0,26.0,24.0,27.0,,,34.0,34.0,35.0,0.0
2020-09-05,0.0,4.0,1.0,2.0,1.0,1.0,2.0,3.0,2.0,3.0,3.0,2.0,3.0,7.0,3.0,4.0,,,0.0,2.0,2.0,0.0
2020-09-06,3.0,3.0,0.0,1.0,3.0,1.0,6.0,1.0,1.0,2.0,1.0,3.0,4.0,4.0,1.0,1.0,,,2.0,2.0,2.0,0.0
2020-09-07,0.0,4.0,1.0,3.0,1.0,0.0,1.0,0.0,2.0,5.0,10.0,10.0,10.0,7.0,6.0,8.0,,,2.0,1.0,1.0,
2020-09-08,,,0.0,1.0,1.0,0.0,2.0,0.0,2.0,4.0,4.0,5.0,10.0,6.0,4.0,17.0,,,16.0,16.0,16.0,21.0
2020-09-09,1.0,0.0,2.0,4.0,4.0,7.0,7.0,6.0,9.0,12.0,14.0,18.0,18.0,16.0,16.0,15.0,,,6.0,14.0,13.0,2.0
2020-09-10,2.0,1.0,1.0,1.0,1.0,2.0,3.0,0.0,0.0,3.0,2.0,1.0,,39.0,41.0,44.0,,,39.0,38.0,37.0,0.0
2020-09-11,,,,0.0,2.0,1.0,2.0,,,,21.0,26.0,,40.0,48.0,56.0,,,60.0,71.0,72.0,0.0
2020-09-12,,,,2.0,3.0,1.0,1.0,,,,1.0,0.0,0.0,1.0,4.0,3.0,,,5.0,8.0,7.0,0.0
2020-09-13,0.0,0.0,0.0,0.0,,,,,,,,,,,,,,,,,0.0,3.0
2020-09-14,,,,0.0,0.0,0.0,5.0,,,,7.0,10.0,7.0,4.0,5.0,18.0,,,22.0,28.0,27.0,11.0
2020-09-15,,,,0.0,0.0,0.0,0.0,,,,8.0,4.0,0.0,0.0,0.0,1.0,,,3.0,10.0,9.0,
2020-09-16,0.0,2.0,0.0,0.0,5.0,2.0,2.0,,,,0.0,3.0,13.0,11.0,18.0,31.0,,,56.0,69.0,69.0,0.0
2020-09-17,,,,0.0,0.0,0.0,4.0,,,,0.0,0.0,0.0,0.0,4.0,6.0,,,10.0,14.0,22.0,12.0
2020-09-18,,,,,0.0,0.0,1.0,,,11.0,4.0,4.0,2.0,21.0,25.0,27.0,,,33.0,40.0,39.0,22.0
2020-09-19,1.0,1.0,0.0,3.0,2.0,0.0,5.0,,,0.0,0.0,5.0,5.0,3.0,7.0,14.0,,,1.0,16.0,15.0,1.0
2020-09-20,0.0,0.0,0.0,0.0,,,,,,,,,,,,,,,,,1.0,0.0
2020-09-21,,,,1.0,2.0,0.0,2.0,,,0.0,0.0,0.0,4.0,2.0,1.0,5.0,3.0,,2.0,3.0,3.0,2.0
2020-09-22,21.0,22.0,22.0,26.0,22.0,18.0,19.0,,,11.0,27.0,25.0,24.0,28.0,26.0,24.0,,,22.0,20.0,21.0,0.0
2020-09-23,,,,1.0,3.0,0.0,1.0,,,5.0,6.0,10.0,13.0,11.0,9.0,9.0,,,5.0,8.0,8.0,2.0
2020-09-24,1.0,0.0,0.0,2.0,4.0,2.0,3.0,,,5.0,3.0,4.0,13.0,40.0,53.0,53.0,,,50.0,46.0,49.0,0.0
2020-09-25,10.0,12.0,10.0,12.0,7.0,5.0,9.0,,,17.0,19.0,20.0,24.0,25.0,22.0,23.0,23.0,,29.0,37.0,41.0,0.0
2020-09-26,,,0.0,1.0,1.0,1.0,1.0,,,0.0,8.0,10.0,16.0,14.0,14.0,15.0,,,9.0,8.0,8.0,1.0
2020-09-27,1.0,0.0,0.0,1.0,4.0,0.0,0.0,,,0.0,0.0,10.0,14.0,37.0,38.0,43.0,,,36.0,35.0,39.0,0.0
2020-09-28,0.0,3.0,1.0,3.0,2.0,1.0,0.0,,,5.0,5.0,4.0,8.0,10.0,10.0,14.0,14.0,,13.0,12.0,11.0,1.0
2020-09-29,1.0,2.0,0.0,2.0,0.0,0.0,2.0,,,,0.0,8.0,14.0,13.0,16.0,33.0,,,41.0,49.0,48.0,0.0
2020-09-30,1.0,0.0,0.0,1.0,5.0,1.0,1.0,,,0.0,5.0,8.0,13.0,13.0,12.0,16.0,,,19.0,25.0,24.0,7.0
2020-10-01,6.0,8.0,5.0,6.0,5.0,3.0,3.0,,,,16.0,21.0,22.0,25.0,22.0,26.0,,,44.0,45.0,44.0,25.0
2020-10-02,0.0,0.0,0.0,1.0,0.0,0.0,0.0,,,,5.0,9.0,9.0,9.0,5.0,9.0,,,5.0,3.0,3.0,0.0
2020-10-03,0.0,0.0,0.0,2.0,1.0,0.0,1.0,,,0.0,3.0,6.0,4.0,5.0,5.0,4.0,,,0.0,4.0,4.0,0.0
2020-10-04,0.0,0.0,0.0,2.0,1.0,0.0,1.0,,,0.0,1.0,5.0,12.0,10.0,6.0,6.0,,,0.0,1.0,2.0,0.0
2020-10-05,2.0,1.0,1.0,3.0,4.0,0.0,1.0,,,4.0,5.0,,,32.0,30.0,34.0,,,30.0,30.0,30.0,0.0
2020-10-06,1.0,2.0,0.0,1.0,4.0,0.0,0.0,,,5.0,6.0,12.0,13.0,16.0,13.0,14.0,,,12.0,12.0,12.0,0.0
2020-10-07,7.0,21.0,31.0,28.0,22.0,17.0,17.0,,,21.0,22.0,23.0,26.0,27.0,24.0,24.0,,,17.0,27.0,27.0,2.0
2020-10-08,5.0,3.0,2.0,1.0,1.0,0.0,3.0,,,13.0,14.0,15.0,12.0,9.0,4.0,1.0,,,0.0,6.0,6.0,0.0
2020-10-09,0.0,0.0,0.0,0.0,4.0,0.0,7.0,,,25.0,30.0,34.0,34.0,34.0,30.0,32.0,29.0,,36.0,34.0,36.0,9.0
2020-10-10,0.0,0.0,0.0,2.0,3.0,12.0,14.0,,,8.0,8.0,,,14.0,16.0,22.0,,,20.0,27.0,27.0,1.0
2020-10-11,0.0,0.0,0.0,1.0,3.0,5.0,7.0,,,4.0,6.0,,,2.0,1.0,4.0,,,13.0,13.0,14.0,0.0
2020-10-12,0.0,0.0,0.0,3.0,2.0,0.0,5.0,,,10.0,11.0,,,19.0,16.0,20.0,,,32.0,31.0,32.0,
2020-10-13,3.0,2.0,1.0,6.0,5.0,3.0,5.0,,,24.0,24.0,,,20.0,20.0,22.0,,,35.0,36.0,36.0,
2020-10-14,0.0,0.0,0.0,2.0,3.0,0.0,2.0,,,26.0,25.0,,,34.0,35.0,40.0,,,41.0,43.0,43.0,0.0
2020-10-15,0.0,0.0,0.0,8.0,4.0,2.0,1.0,2.0,,11.0,12.0,,,9.0,9.0,12.0,,,11.0,15.0,15.0,0.0
2020-10-16,0.0,0.0,0.0,4.0,1.0,0.0,0.0,,,5.0,5.0,,,4.0,7.0,10.0,,,17.0,22.0,23.0,0.0
2020-10-17,1.0,2.0,1.0,6.0,5.0,5.0,4.0,,,5.0,8.0,,,6.0,5.0,4.0,,,8.0,8.0,13.0,
2020-10-18,0.0,0.0,0.0,5.0,3.0,19.0,38.0,,,36.0,40.0,,,30.0,29.0,30.0,,,30.0,30.0,30.0,5.0
2020-10-19,1.0,1.0,0.0,3.0,6.0,1.0,2.0,0.0,,1.0,2.0,,,5.0,4.0,12.0,,,17.0,22.0,23.0,1.0
2020-10-20,1.0,0.0,0.0,4.0,1.0,0.0,0.0,9.0,,13.0,14.0,,,9.0,10.0,11.0,,,8.0,8.0,10.0,0.0
2020-10-21,1.0,0.0,0.0,3.0,3.0,3.0,5.0,,,0.0,1.0,0.0,,19.0,16.0,18.0,,,18.0,21.0,25.0,1.0
2020-10-22,0.0,0.0,1.0,5.0,28.0,30.0,31.0,,,33.0,35.0,,,32.0,37.0,37.0,,,38.0,41.0,40.0,26.0
2020-10-23,1.0,1.0,0.0,3.0,2.0,1.0,8.0,,,14.0,15.0,,,7.0,14.0,12.0,,,20.0,22.0,21.0,3.0
2020-10-24,0.0,0.0,0.0,3.0,2.0,0.0,2.0,,,2.0,5.0,,,12.0,10.0,12.0,,,14.0,15.0,16.0,1.0
2020-10-25,0.0,0.0,0.0,3.0,0.0,1.0,2.0,,,8.0,9.0,,,0.0,0.0,1.0,,,6.0,5.0,5.0,0.0
2020-10-26,0.0,0.0,0.0,4.0,6.0,2.0,3.0,,,2.0,8.0,10.0,23.0,22.0,22.0,27.0,,,34.0,38.0,41.0,0.0
2020-10-27,0.0,0.0,0.0,6.0,5.0,3.0,3.0,,,3.0,7.0,13.0,12.0,13.0,9.0,7.0,40.0,,41.0,43.0,43.0,27.0
2020-10-28,0.0,3.0,2.0,4.0,2.0,0.0,3.0,,,1.0,10.0,10.0,11.0,12.0,15.0,14.0,,,13.0,19.0,19.0,0.0
2020-10-29,0.0,2.0,1.0,3.0,3.0,4.0,4.0,,,6.0,10.0,10.0,11.0,12.0,10.0,7.0,6.0,,,,8.0,0.0
2020-10-30,0.0,0.0,7.0,12.0,10.0,6.0,7.0,,,9.0,14.0,13.0,17.0,16.0,15.0,16.0,12.0,,30.0,30.0,30.0,27.0
2020-10-31,1.0,0.0,0.0,3.0,1.0,0.0,3.0,,,5.0,8.0,9.0,9.0,7.0,3.0,5.0,,,0.0,0.0,0.0,0.0
2020-11-01,0.0,0.0,0.0,1.0,1.0,0.0,1.0,,,12.0,16.0,15.0,17.0,15.0,11.0,10.0,7.0,6.0,6.0,3.0,4.0,0.0
2020-11-02,1.0,,0.0,2.0,7.0,22.0,24.0,,,24.0,29.0,29.0,32.0,48.0,46.0,50.0,49.0,48.0,45.0,47.0,48.0,0.0
2020-11-03,0.0,6.0,5.0,5.0,2.0,8.0,7.0,,,6.0,7.0,7.0,9.0,25.0,6.0,42.0,44.0,44.0,43.0,50.0,53.0,0.0
2020-11-04,3.0,2.0,0.0,2.0,6.0,7.0,7.0,,,10.0,12.0,28.0,,51.0,50.0,58.0,59.0,61.0,59.0,61.0,63.0,0.0
2020-11-05,0.0,1.0,0.0,3.0,3.0,9.0,11.0,,,11.0,10.0,16.0,14.0,10.0,8.0,5.0,3.0,2.0,0.0,3.0,4.0,2.0
2020-11-06,0.0,3.0,2.0,1.0,3.0,3.0,3.0,,,2.0,2.0,3.0,3.0,1.0,1.0,5.0,4.0,2.0,1.0,0.0,0.0,0.0
2020-11-07,0.0,0.0,0.0,1.0,1.0,3.0,5.0,,,8.0,10.0,8.0,10.0,8.0,5.0,6.0,4.0,3.0,1.0,1.0,0.0,2.0
2020-11-08,0.0,0.0,0.0,4.0,9.0,3.0,2.0,,,2.0,4.0,3.0,5.0,3.0,0.0,3.0,2.0,11.0,8.0,6.0,7.0,
2020-11-09,3.0,2.0,1.0,4.0,2.0,3.0,7.0,,,15.0,20.0,20.0,21.0,25.0,26.0,31.0,26.0,27.0,21.0,21.0,22.0,0.0
2020-11-10,0.0,2.0,1.0,1.0,1.0,1.0,1.0,,,12.0,13.0,12.0,11.0,14.0,19.0,27.0,27.0,28.0,62.0,66.0,66.0,0.0
2020-11-11,0.0,9.0,7.0,10.0,7.0,5.0,5.0,,,9.0,10.0,9.0,13.0,13.0,18.0,23.0,30.0,27.0,29.0,31.0,33.0,0.0
2020-11-12,28.0,28.0,28.0,28.0,25.0,22.0,24.0,,,25.0,25.0,25.0,32.0,31.0,27.0,27.0,28.0,30.0,39.0,40.0,43.0,0.0
2020-11-13,3.0,2.0,1.0,5.0,7.0,3.0,4.0,,,4.0,5.0,2.0,3.0,11.0,9.0,8.0,8.0,7.0,5.0,5.0,5.0,1.0
2020-11-14,,,,,,,,,,,,,,,,,,,,,,
2020-11-15,,,,,,,,,,,,,,,,,,,,,1.0,
2020-11-16,1.0,0.0,0.0,2.0,6.0,5.0,8.0,,,20.0,23.0,25.0,27.0,36.0,36.0,46.0,52.0,53.0,54.0,55.0,51.0,51.0
2020-11-17,2.0,1.0,1.0,21.0,30.0,32.0,34.0,,,36.0,24.0,27.0,28.0,33.0,38.0,53.0,52.0,52.0,49.0,54.0,55.0,0.0
2020-11-18,,0.0,0.0,0.0,2.0,0.0,0.0,,,0.0,4.0,3.0,4.0,5.0,2.0,4.0,4.0,6.0,19.0,22.0,21.0,3.0
2020-11-19,0.0,0.0,0.0,3.0,1.0,0.0,0.0,,,5.0,5.0,5.0,35.0,40.0,42.0,44.0,42.0,41.0,39.0,37.0,37.0,0.0
2020-11-20,1.0,0.0,0.0,5.0,3.0,0.0,1.0,,,13.0,15.0,21.0,22.0,24.0,20.0,22.0,26.0,26.0,21.0,20.0,19.0,0.0
2020-11-21,0.0,0.0,0.0,2.0,5.0,3.0,,,,8.0,9.0,7.0,7.0,9.0,5.0,8.0,10.0,7.0,3.0,6.0,9.0,9.0
2020-11-22,0.0,0.0,1.0,2.0,2.0,2.0,,,,0.0,2.0,2.0,2.0,6.0,7.0,8.0,7.0,7.0,3.0,10.0,10.0,0.0
2020-11-23,1.0,1.0,1.0,3.0,2.0,2.0,,,,8.0,11.0,,,9.0,12.0,16.0,15.0,17.0,17.0,17.0,17.0,0.0
2020-11-24,0.0,0.0,0.0,2.0,4.0,3.0,,14.0,,10.0,12.0,,,13.0,10.0,12.0,12.0,13.0,13.0,13.0,21.0,0.0
2020-11-25,1.0,0.0,0.0,6.0,8.0,1.0,3.0,10.0,,13.0,15.0,,,24.0,18.0,19.0,20.0,21.0,21.0,28.0,27.0,20.0
2020-11-26,0.0,,0.0,0.0,7.0,9.0,13.0,21.0,,19.0,21.0,,,22.0,22.0,29.0,31.0,36.0,37.0,42.0,41.0,0.0
2020-11-27,1.0,4.0,4.0,5.0,7.0,2.0,4.0,10.0,,4.0,5.0,6.0,6.0,8.0,6.0,10.0,9.0,9.0,3.0,2.0,2.0,2.0
2020-11-28,0.0,0.0,0.0,8.0,6.0,0.0,0.0,,,1.0,5.0,5.0,4.0,3.0,0.0,3.0,1.0,0.0,0.0,25.0,,24.0
2020-11-29,,,,,,,,,,0.0,1.0,0.0,2.0,3.0,1.0,1.0,0.0,2.0,0.0,5.0,,5.0
2020-11-30,,,,,,,,,,29.0,30.0,29.0,29.0,28.0,26.0,29.0,26.0,28.0,24.0,39.0,40.0,0.0
2020-12-01,1.0,0.0,0.0,2.0,2.0,1.0,6.0,,,9.0,12.0,13.0,13.0,17.0,14.0,16.0,16.0,17.0,19.0,33.0,33.0,8.0
2020-12-02,0.0,0.0,0.0,1.0,2.0,0.0,1.0,,,0.0,2.0,2.0,3.0,3.0,0.0,3.0,1.0,0.0,1.0,3.0,,
2020-12-03,0.0,1.0,0.0,3.0,2.0,3.0,4.0,2.0,,0.0,1.0,2.0,3.0,5.0,3.0,4.0,1.0,2.0,1.0,2.0,2.0,2.0
2020-12-04,0.0,0.0,0.0,2.0,2.0,0.0,1.0,4.0,,0.0,1.0,0.0,1.0,3.0,2.0,1.0,2.0,4.0,5.0,5.0,6.0,0.0
2020-12-05,1.0,4.0,1.0,3.0,2.0,22.0,24.0,17.0,,10.0,10.0,10.0,13.0,10.0,5.0,2.0,1.0,2.0,0.0,0.0,0.0,0.0
2020-12-06,5.0,3.0,2.0,2.0,1.0,0.0,1.0,0.0,,2.0,2.0,4.0,7.0,9.0,3.0,5.0,4.0,2.0,7.0,5.0,5.0,0.0
2020-12-07,4.0,2.0,1.0,2.0,0.0,1.0,1.0,,,14.0,11.0,13.0,15.0,12.0,9.0,8.0,10.0,9.0,3.0,2.0,1.0,2.0
2020-12-08,3.0,5.0,4.0,3.0,2.0,0.0,0.0,,,5.0,6.0,8.0,14.0,11.0,8.0,4.0,2.0,3.0,3.0,1.0,0.0,0.0
2020-12-09,0.0,0.0,0.0,1.0,4.0,1.0,2.0,,,9.0,11.0,10.0,9.0,9.0,6.0,5.0,5.0,4.0,1.0,12.0,13.0,0.0
2020-12-10,0.0,0.0,0.0,1.0,5.0,1.0,1.0,,,14.0,14.0,13.0,14.0,9.0,6.0,6.0,8.0,9.0,6.0,16.0,17.0,0.0
2020-12-11,3.0,2.0,1.0,1.0,1.0,0.0,1.0,,,10.0,11.0,11.0,,93.0,90.0,91.0,89.0,90.0,85.0,91.0,91.0,0.0
2020-12-12,0.0,1.0,0.0,1.0,1.0,1.0,0.0,,,2.0,3.0,3.0,3.0,8.0,4.0,5.0,4.0,6.0,5.0,5.0,7.0,0.0
2020-12-13,2.0,,2.0,8.0,3.0,1.0,3.0,,,2.0,3.0,2.0,0.0,0.0,0.0,2.0,0.0,0.0,1.0,0.0,0.0,
2020-12-14,1.0,0.0,0.0,2.0,3.0,1.0,,,,114.0,118.0,119.0,125.0,123.0,122.0,122.0,138.0,137.0,134.0,133.0,127.0,0.0
2020-12-15,3.0,2.0,1.0,7.0,6.0,2.0,2.0,,,7.0,9.0,9.0,9.0,8.0,5.0,11.0,11.0,14.0,13.0,15.0,14.0,2.0
2020-12-16,0.0,0.0,0.0,1.0,7.0,1.0,2.0,,,0.0,1.0,2.0,0.0,0.0,2.0,15.0,14.0,14.0,10.0,6.0,6.0,2.0
2020-12-17,0.0,0.0,0.0,1.0,0.0,0.0,1.0,,,6.0,8.0,7.0,29.0,32.0,32.0,33.0,35.0,36.0,34.0,35.0,36.0,
2020-12-18,0.0,0.0,0.0,2.0,2.0,0.0,0.0,,,5.0,6.0,4.0,3.0,2.0,0.0,5.0,3.0,3.0,0.0,7.0,8.0,
2020-12-19,0.0,0.0,0.0,1.0,3.0,1.0,1.0,,,7.0,10.0,10.0,12.0,9.0,8.0,11.0,9.0,7.0,7.0,2.0,2.0,0.0
2020-12-20,0.0,0.0,0.0,1.0,4.0,0.0,0.0,,,2.0,1.0,1.0,2.0,0.0,2.0,2.0,1.0,2.0,3.0,4.0,4.0,2.0
2020-12-21,47.0,45.0,45.0,45.0,40.0,35.0,33.0,,,31.0,30.0,28.0,29.0,25.0,22.0,20.0,21.0,20.0,21.0,19.0,20.0,3.0
2020-12-22,6.0,7.0,16.0,19.0,22.0,23.0,23.0,,,29.0,31.0,33.0,33.0,39.0,38.0,52.0,58.0,59.0,61.0,61.0,62.0,0.0
2020-12-23,2.0,10.0,9.0,11.0,32.0,32.0,32.0,,,31.0,31.0,32.0,32.0,36.0,36.0,42.0,41.0,41.0,38.0,38.0,45.0,0.0
2020-12-24,0.0,2.0,0.0,3.0,1.0,4.0,3.0,,,10.0,10.0,9.0,9.0,7.0,4.0,3.0,3.0,4.0,0.0,0.0,0.0,2.0
2020-12-25,1.0,1.0,0.0,2.0,4.0,2.0,2.0,,,2.0,2.0,2.0,0.0,0.0,0.0,1.0,1.0,1.0,2.0,2.0,1.0,2.0
2020-12-26,2.0,0.0,0.0,2.0,3.0,1.0,1.0,,,0.0,2.0,0.0,0.0,0.0,0.0,1.0,0.0,0.0,0.0,1.0,0.0,2.0
2020-12-27,0.0,0.0,0.0,0.0,2.0,0.0,0.0,,,1.0,2.0,1.0,2.0,1.0,0.0,0.0,0.0,0.0,0.0,2.0,3.0,
2020-12-28,0.0,2.0,1.0,2.0,1.0,1.0,2.0,3.0,0.0,3.0,3.0,3.0,1.0,2.0,2.0,1.0,0.0,1.0,0.0,0.0,0.0,2.0
2020-12-29,0.0,4.0,3.0,3.0,49.0,56.0,58.0,57.0,58.0,58.0,58.0,68.0,69.0,68.0,64.0,68.0,76.0,81.0,85.0,84.0,87.0,0.0
2020-12-30,0.0,1.0,0.0,1.0,1.0,0.0,0.0,0.0,0.0,1.0,2.0,0.0,0.0,0.0,1.0,1.0,0.0,1.0,0.0,3.0,3.0,2.0
2020-12-31,0.0,0.0,0.0,3.0,2.0,1.0,2.0,0.0,0.0,0.0,1.0,1.0,2.0,1.0,4.0,8.0,11.0,11.0,5.0,3.0,3.0,
2021-01-01,0.0,0.0,1.0,2.0,4.0,0.0,1.0,2.0,0.0,1.0,10.0,,39.0,39.0,35.0,35.0,34.0,35.0,32.0,30.0,29.0,0.0
2021-01-02,1.0,3.0,3.0,4.0,0.0,0.0,3.0,0.0,0.0,0.0,0.0,2.0,1.0,0.0,0.0,1.0,0.0,0.0,0.0,0.0,0.0,2.0
2021-01-03,0.0,0.0,0.0,1.0,2.0,0.0,2.0,0.0,0.0,1.0,2.0,2.0,1.0,0.0,0.0,1.0,1.0,6.0,4.0,2.0,3.0,2.0
2021-01-04,1.0,0.0,0.0,1.0,1.0,0.0,1.0,2.0,3.0,3.0,3.0,3.0,2.0,1.0,1.0,0.0,0.0,0.0,0.0,1.0,0.0,
2021-01-05,0.0,0.0,0.0,1.0,1.0,0.0,0.0,0.0,0.0,,,113.0,115.0,118.0,118.0,120.0,119.0,119.0,115.0,115.0,109.0,0.0
2021-01-06,2.0,0.0,0.0,2.0,0.0,0.0,0.0,0.0,0.0,1.0,2.0,2.0,7.0,5.0,0.0,0.0,0.0,1.0,1.0,0.0,0.0,2.0
2021-01-07,6.0,5.0,5.0,4.0,3.0,0.0,0.0,0.0,0.0,1.0,0.0,0.0,0.0,0.0,1.0,0.0,1.0,4.0,2.0,4.0,4.0,2.0
2021-01-08,0.0,1.0,2.0,3.0,0.0,3.0,0.0,7.0,6.0,4.0,4.0,4.0,5.0,2.0,0.0,0.0,0.0,5.0,0.0,1.0,1.0,0.0
2021-01-09,0.0,1.0,1.0,1.0,1.0,3.0,1.0,0.0,1.0,1.0,2.0,4.0,8.0,3.0,0.0,2.0,,,,,2.0,0.0
2021-01-10,0.0,0.0,1.0,1.0,1.0,0.0,0.0,0.0,0.0,1.0,1.0,3.0,1.0,0.0,4.0,6.0,5.0,4.0,0.0,1.0,4.0,0.0
2021-01-11,0.0,0.0,1.0,2.0,15.0,10.0,10.0,6.0,4.0,2.0,3.0,3.0,6.0,6.0,27.0,30.0,31.0,34.0,33.0,28.0,26.0,13.0
2021-01-12,1.0,0.0,0.0,1.0,2.0,0.0,1.0,2.0,0.0,1.0,1.0,3.0,3.0,4.0,1.0,1.0,0.0,1.0,10.0,10.0,12.0,2.0
2021-01-13,0.0,0.0,0.0,0.0,,,,,,,,78.0,64.0,39.0,0.0,1.0,3.0,,,,,0.0
2021-01-14,0.0,6.0,4.0,4.0,3.0,5.0,6.0,2.0,0.0,1.0,0.0,0.0,0.0,0.0,16.0,17.0,16.0,15.0,14.0,10.0,12.0,2.0
2021-01-15,0.0,6.0,6.0,6.0,3.0,1.0,2.0,0.0,2.0,1.0,2.0,1.0,2.0,2.0,1.0,4.0,3.0,2.0,0.0,24.0,24.0,0.0
2021-01-16,0.0,0.0,9.0,10.0,6.0,11.0,11.0,7.0,5.0,6.0,5.0,,,10.0,5.0,4.0,4.0,3.0,0.0,1.0,1.0,
2021-01-17,0.0,0.0,0.0,2.0,1.0,0.0,2.0,3.0,0.0,1.0,2.0,,,15.0,12.0,11.0,14.0,16.0,15.0,15.0,16.0,2.0
2021-01-18,1.0,1.0,0.0,1.0,1.0,1.0,1.0,0.0,0.0,1.0,3.0,5.0,4.0,0.0,17.0,17.0,14.0,12.0,15.0,16.0,18.0,2.0
2021-01-19,1.0,1.0,1.0,2.0,4.0,1.0,5.0,3.0,1.0,2.0,2.0,3.0,4.0,7.0,3.0,4.0,2.0,2.0,1.0,4.0,4.0,0.0
2021-01-20,1.0,0.0,0.0,1.0,2.0,0.0,1.0,0.0,0.0,11.0,13.0,11.0,12.0,9.0,7.0,6.0,4.0,2.0,1.0,2.0,2.0,2.0
2021-01-21,86.0,85.0,84.0,81.0,80.0,77.0,76.0,75.0,73.0,70.0,70.0,69.0,70.0,66.0,64.0,70.0,69.0,68.0,64.0,68.0,77.0,0.0
2021-01-22,0.0,0.0,0.0,1.0,2.0,0.0,3.0,9.0,6.0,3.0,3.0,1.0,1.0,0.0,2.0,2.0,0.0,1.0,3.0,3.0,4.0,2.0
2021-01-23,34.0,33.0,32.0,33.0,29.0,25.0,24.0,17.0,13.0,15.0,14.0,12.0,11.0,9.0,5.0,3.0,0.0,0.0,0.0,0.0,0.0,1.0
2021-01-24,0.0,0.0,0.0,0.0,1.0,0.0,2.0,0.0,0.0,1.0,2.0,6.0,9.0,7.0,4.0,6.0,4.0,4.0,20.0,19.0,20.0,2.0
2021-01-25,4.0,5.0,4.0,8.0,10.0,10.0,11.0,9.0,5.0,2.0,2.0,2.0,1.0,1.0,1.0,2.0,2.0,4.0,1.0,4.0,4.0,0.0
2021-01-26,0.0,1.0,0.0,2.0,6.0,1.0,0.0,1.0,0.0,0.0,12.0,10.0,13.0,12.0,14.0,13.0,13.0,13.0,7.0,4.0,4.0,0.0
2021-01-27,2.0,2.0,,1.0,1.0,1.0,2.0,3.0,3.0,1.0,1.0,3.0,5.0,5.0,4.0,5.0,6.0,7.0,6.0,4.0,2.0,2.0
2021-01-28,1.0,3.0,3.0,2.0,2.0,0.0,1.0,2.0,1.0,1.0,5.0,8.0,7.0,6.0,5.0,5.0,6.0,7.0,5.0,9.0,10.0,2.0
2021-01-29,2.0,2.0,1.0,2.0,5.0,5.0,7.0,3.0,3.0,1.0,1.0,1.0,1.0,0.0,0.0,1.0,3.0,5.0,5.0,4.0,4.0,2.0
2021-01-30,0.0,0.0,0.0,1.0,4.0,1.0,1.0,1.0,2.0,5.0,7.0,8.0,,27.0,27.0,30.0,30.0,31.0,31.0,30.0,31.0,7.0
2021-01-31,1.0,0.0,0.0,1.0,0.0,1.0,1.0,2.0,0.0,1.0,1.0,0.0,4.0,2.0,0.0,5.0,5.0,6.0,1.0,1.0,0.0,2.0
2021-02-01,0.0,2.0,4.0,6.0,5.0,14.0,15.0,18.0,15.0,15.0,14.0,14.0,16.0,15.0,14.0,21.0,25.0,26.0,21.0,23.0,24.0,0.0
2021-02-02,0.0,4.0,3.0,7.0,27.0,19.0,18.0,14.0,13.0,10.0,8.0,7.0,6.0,4.0,0.0,1.0,0.0,3.0,0.0,4.0,5.0,2.0
2021-02-03,0.0,3.0,3.0,3.0,2.0,2.0,3.0,1.0,0.0,1.0,5.0,6.0,7.0,5.0,1.0,4.0,4.0,5.0,2.0,2.0,2.0,1.0
2021-02-04,4.0,4.0,3.0,4.0,4.0,0.0,0.0,3.0,0.0,1.0,3.0,1.0,0.0,0.0,0.0,3.0,1.0,1.0,0.0,1.0,1.0,2.0
2021-02-05,1.0,0.0,0.0,2.0,4.0,0.0,6.0,1.0,1.0,5.0,4.0,3.0,3.0,1.0,2.0,6.0,10.0,11.0,8.0,8.0,10.0,2.0
2021-02-06,1.0,2.0,2.0,2.0,7.0,4.0,5.0,4.0,4.0,4.0,5.0,5.0,2.0,2.0,4.0,3.0,3.0,5.0,0.0,1.0,0.0,2.0
2021-02-07,0.0,0.0,0.0,0.0,,,,,,,,,,,,,,,,,1.0,0.0
2021-02-08,0.0,0.0,0.0,0.0,,,,,,,,,,,,,,,,,0.0,0.0
2021-02-09,0.0,0.0,0.0,0.0,,,,,,,,,,,,,,,,,0.0,0.0
2021-02-10,0.0,0.0,0.0,1.0,0.0,,,,125.0,119.0,120.0,120.0,119.0,117.0,116.0,115.0,114.0,117.0,117.0,117.0,117.0,0.0
2021-02-11,3.0,3.0,2.0,2.0,3.0,28.0,49.0,103.0,100.0,102.0,101.0,101.0,105.0,104.0,116.0,126.0,139.0,140.0,141.0,140.0,134.0,0.0
2021-02-12,0.0,0.0,0.0,1.0,4.0,13.0,22.0,29.0,27.0,24.0,27.0,39.0,43.0,43.0,42.0,42.0,43.0,49.0,48.0,48.0,49.0,49.0
2021-02-13,1.0,0.0,0.0,1.0,20.0,144.0,147.0,149.0,151.0,148.0,150.0,156.0,160.0,164.0,165.0,164.0,167.0,167.0,162.0,158.0,163.0,0.0
2021-02-14,5.0,4.0,3.0,1.0,2.0,10.0,11.0,8.0,7.0,5.0,8.0,9.0,16.0,13.0,9.0,6.0,4.0,5.0,1.0,2.0,2.0,3.0
2021-02-15,1.0,3.0,2.0,2.0,3.0,9.0,11.0,19.0,16.0,15.0,27.0,28.0,30.0,32.0,30.0,39.0,42.0,42.0,36.0,33.0,34.0,0.0
2021-02-16,0.0,0.0,0.0,1.0,1.0,3.0,6.0,2.0,1.0,1.0,3.0,3.0,4.0,3.0,3.0,4.0,2.0,2.0,7.0,10.0,10.0,2.0
2021-02-17,1.0,1.0,0.0,2.0,2.0,0.0,0.0,1.0,0.0,4.0,4.0,2.0,4.0,10.0,11.0,12.0,15.0,15.0,13.0,10.0,12.0,2.0
2021-02-18,0.0,0.0,0.0,1.0,0.0,7.0,6.0,7.0,15.0,13.0,13.0,11.0,10.0,8.0,4.0,2.0,1.0,2.0,2.0,4.0,4.0,2.0
2021-02-19,0.0,3.0,2.0,2.0,3.0,0.0,4.0,2.0,2.0,0.0,1.0,2.0,2.0,0.0,1.0,2.0,1.0,2.0,0.0,6.0,8.0,0.0
2021-02-20,1.0,0.0,0.0,1.0,1.0,15.0,14.0,13.0,9.0,7.0,6.0,5.0,6.0,3.0,0.0,3.0,2.0,3.0,2.0,3.0,3.0,0.0
2021-02-21,2.0,1.0,0.0,0.0,0.0,5.0,5.0,6.0,3.0,0.0,1.0,0.0,4.0,1.0,0.0,1.0,0.0,1.0,0.0,2.0,2.0,2.0
2021-02-22,0.0,0.0,3.0,4.0,5.0,4.0,2.0,0.0,0.0,0.0,0.0,0.0,1.0,0.0,8.0,6.0,5.0,6.0,5.0,3.0,3.0,4.0
2021-02-23,0.0,0.0,0.0,0.0,1.0,0.0,5.0,,,10.0,9.0,8.0,9.0,24.0,24.0,28.0,28.0,28.0,24.0,20.0,20.0,3.0
2021-02-24,1.0,0.0,1.0,5.0,3.0,3.0,2.0,0.0,0.0,0.0,1.0,0.0,7.0,12.0,13.0,23.0,23.0,24.0,22.0,29.0,28.0,5.0
2021-02-25,2.0,1.0,1.0,0.0,2.0,0.0,0.0,0.0,2.0,0.0,0.0,1.0,1.0,17.0,17.0,21.0,19.0,21.0,18.0,18.0,18.0,0.0
2021-02-26,1.0,1.0,0.0,1.0,1.0,2.0,3.0,,6.0,3.0,5.0,6.0,3.0,5.0,5.0,4.0,,3.0,1.0,4.0,4.0,0.0
2021-02-27,0.0,1.0,1.0,3.0,3.0,0.0,0.0,10.0,8.0,4.0,4.0,4.0,3.0,4.0,10.0,9.0,9.0,9.0,3.0,0.0,0.0,2.0
2021-02-28,0.0,1.0,0.0,1.0,2.0,3.0,4.0,0.0,0.0,0.0,3.0,7.0,9.0,6.0,4.0,6.0,4.0,5.0,3.0,1.0,1.0,2.0
2021-03-01,1.0,0.0,0.0,1.0,2.0,1.0,2.0,1.0,0.0,2.0,2.0,2.0,,30.0,29.0,33.0,33.0,36.0,65.0,64.0,66.0,0.0
2021-03-02,6.0,5.0,4.0,5.0,2.0,1.0,1.0,9.0,5.0,5.0,6.0,19.0,21.0,25.0,30.0,35.0,35.0,,,,,0.0
2021-03-03,0.0,0.0,0.0,2.0,1.0,0.0,0.0,0.0,0.0,1.0,2.0,0.0,3.0,1.0,1.0,8.0,11.0,11.0,5.0,3.0,3.0,0.0
2021-03-04,1.0,0.0,0.0,2.0,2.0,5.0,6.0,13.0,10.0,7.0,8.0,9.0,10.0,9.0,9.0,9.0,10.0,,,,,0.0
2021-03-05,0.0,0.0,0.0,3.0,4.0,6.0,7.0,5.0,4.0,1.0,4.0,11.0,11.0,11.0,10.0,11.0,11.0,11.0,9.0,10.0,11.0,2.0
2021-03-06,0.0,3.0,2.0,3.0,39.0,36.0,36.0,32.0,31.0,33.0,35.0,37.0,36.0,35.0,30.0,34.0,33.0,39.0,39.0,37.0,38.0,0.0
2021-03-07,0.0,0.0,0.0,1.0,4.0,0.0,1.0,0.0,0.0,1.0,1.0,0.0,1.0,0.0,0.0,0.0,9.0,9.0,3.0,3.0,3.0,0.0
2021-03-08,0.0,2.0,2.0,1.0,1.0,0.0,1.0,0.0,0.0,2.0,2.0,2.0,6.0,5.0,3.0,3.0,3.0,3.0,0.0,1.0,0.0,2.0
2021-03-09,3.0,3.0,2.0,1.0,7.0,1.0,1.0,0.0,0.0,0.0,1.0,3.0,5.0,8.0,8.0,13.0,12.0,12.0,6.0,4.0,3.0,4.0
2021-03-10,0.0,3.0,2.0,2.0,2.0,1.0,1.0,3.0,2.0,3.0,4.0,4.0,4.0,3.0,0.0,0.0,1.0,2.0,1.0,7.0,7.0,2.0
2021-03-11,1.0,0.0,0.0,2.0,4.0,1.0,5.0,3.0,1.0,1.0,1.0,2.0,1.0,5.0,5.0,3.0,1.0,3.0,1.0,1.0,1.0,0.0
2021-03-12,1.0,0.0,0.0,0.0,11.0,14.0,16.0,16.0,12.0,8.0,8.0,10.0,12.0,10.0,7.0,8.0,23.0,24.0,18.0,22.0,22.0,6.0
2021-03-13,2.0,0.0,0.0,1.0,1.0,1.0,1.0,0.0,5.0,9.0,8.0,10.0,11.0,12.0,7.0,7.0,3.0,4.0,0.0,10.0,9.0,2.0
2021-03-14,0.0,0.0,0.0,3.0,1.0,0.0,1.0,1.0,0.0,1.0,2.0,3.0,5.0,5.0,1.0,2.0,3.0,5.0,7.0,5.0,6.0,2.0
2021-03-15,0.0,1.0,0.0,1.0,1.0,0.0,1.0,0.0,0.0,0.0,1.0,6.0,4.0,3.0,3.0,23.0,22.0,23.0,18.0,18.0,20.0,2.0
2021-03-16,0.0,0.0,0.0,1.0,3.0,0.0,1.0,2.0,1.0,3.0,8.0,10.0,10.0,17.0,17.0,24.0,25.0,28.0,80.0,80.0,82.0,0.0
2021-03-17,0.0,3.0,2.0,1.0,2.0,1.0,1.0,0.0,0.0,1.0,0.0,2.0,8.0,11.0,12.0,11.0,11.0,12.0,7.0,5.0,5.0,2.0
2021-03-18,0.0,2.0,1.0,1.0,1.0,0.0,0.0,2.0,1.0,1.0,1.0,2.0,1.0,2.0,1.0,0.0,0.0,1.0,1.0,5.0,5.0,2.0
2021-03-19,,,,1.0,4.0,4.0,1.0,0.0,1.0,0.0,0.0,0.0,2.0,3.0,4.0,2.0,4.0,7.0,5.0,3.0,5.0,2.0
2021-03-20,0.0,0.0,0.0,4.0,1.0,0.0,0.0,0.0,0.0,1.0,1.0,1.0,2.0,0.0,2.0,2.0,2.0,2.0,2.0,1.0,2.0,2.0
2021-03-21,1.0,0.0,0.0,1.0,1.0,0.0,0.0,0.0,0.0,2.0,2.0,3.0,4.0,2.0,0.0,1.0,2.0,3.0,0.0,17.0,19.0,0.0
2021-03-22,0.0,1.0,0.0,1.0,3.0,0.0,0.0,0.0,0.0,1.0,1.0,1.0,5.0,3.0,2.0,2.0,0.0,3.0,1.0,10.0,10.0,2.0
2021-03-23,0.0,4.0,3.0,1.0,2.0,0.0,0.0,4.0,3.0,2.0,1.0,1.0,0.0,1.0,0.0,0.0,1.0,1.0,2.0,1.0,2.0,1.0
2021-03-24,0.0,0.0,0.0,1.0,1.0,0.0,0.0,0.0,0.0,5.0,5.0,3.0,9.0,7.0,9.0,8.0,6.0,6.0,2.0,3.0,3.0,3.0
2021-03-25,2.0,0.0,0.0,0.0,4.0,0.0,5.0,4.0,1.0,0.0,1.0,3.0,7.0,6.0,3.0,0.0,0.0,2.0,0.0,1.0,1.0,2.0
2021-03-26,2.0,5.0,5.0,8.0,5.0,2.0,2.0,6.0,3.0,6.0,6.0,6.0,5.0,4.0,5.0,7.0,5.0,5.0,2.0,3.0,3.0,2.0
2021-03-27,0.0,0.0,0.0,1.0,2.0,0.0,0.0,,,,,7.0,5.0,3.0,10.0,8.0,6.0,7.0,3.0,12.0,14.0,2.0
2021-03-28,0.0,0.0,0.0,1.0,1.0,1.0,1.0,,,,,0.0,1.0,0.0,1.0,5.0,17.0,20.0,17.0,15.0,15.0,1.0
2021-03-29,2.0,5.0,4.0,4.0,7.0,2.0,2.0,,,,,0.0,2.0,5.0,1.0,4.0,2.0,6.0,2.0,1.0,0.0,2.0
2021-03-30,0.0,0.0,0.0,1.0,1.0,4.0,1.0,,,,,0.0,3.0,1.0,3.0,1.0,1.0,1.0,0.0,2.0,2.0,3.0
2021-03-31,2.0,0.0,0.0,0.0,2.0,0.0,0.0,,,,,5.0,12.0,17.0,28.0,34.0,34.0,39.0,37.0,40.0,40.0,16.0
2021-04-01,2.0,3.0,2.0,2.0,4.0,1.0,2.0,,,,,7.0,13.0,19.0,96.0,101.0,110.0,110.0,108.0,115.0,116.0,0.0
2021-04-02,1.0,0.0,1.0,2.0,6.0,2.0,1.0,,,,,0.0,2.0,0.0,37.0,34.0,33.0,38.0,34.0,33.0,34.0,0.0
2021-04-03,0.0,0.0,0.0,2.0,2.0,6.0,7.0,,,,,4.0,6.0,10.0,8.0,10.0,13.0,14.0,8.0,5.0,5.0,2.0
2021-04-04,,,,,,,,,,,,,,,,,,,,,1.0,1.0
2021-04-05,0.0,0.0,1.0,2.0,3.0,1.0,1.0,,,,,0.0,2.0,1.0,0.0,3.0,4.0,4.0,4.0,9.0,9.0,9.0
2021-04-06,1.0,0.0,0.0,1.0,1.0,0.0,1.0,,,,,15.0,25.0,24.0,40.0,43.0,42.0,44.0,39.0,38.0,38.0,0.0
2021-04-07,1.0,0.0,0.0,3.0,3.0,1.0,1.0,,,,,1.0,4.0,3.0,3.0,4.0,7.0,7.0,3.0,23.0,23.0,4.0
2021-04-08,10.0,12.0,9.0,12.0,13.0,10.0,10.0,,,,,10.0,5.0,6.0,14.0,15.0,16.0,20.0,18.0,17.0,18.0,1.0
2021-04-09,2.0,2.0,0.0,2.0,3.0,0.0,0.0,,,,,4.0,4.0,2.0,6.0,5.0,3.0,6.0,4.0,1.0,4.0,0.0
2021-04-10,0.0,0.0,0.0,1.0,2.0,0.0,0.0,,,,,0.0,2.0,0.0,3.0,5.0,4.0,5.0,0.0,2.0,2.0,3.0
2021-04-11,2.0,1.0,0.0,1.0,0.0,12.0,10.0,7.0,,4.0,5.0,9.0,10.0,8.0,3.0,3.0,1.0,2.0,0.0,1.0,1.0,1.0
2021-04-12,2.0,0.0,0.0,0.0,1.0,0.0,0.0,0.0,,2.0,2.0,3.0,5.0,2.0,0.0,6.0,8.0,8.0,3.0,2.0,2.0,5.0
2021-04-13,2.0,0.0,1.0,1.0,2.0,11.0,10.0,9.0,,7.0,8.0,11.0,13.0,12.0,13.0,13.0,12.0,13.0,,63.0,63.0,0.0
2021-04-14,2.0,0.0,0.0,3.0,2.0,0.0,0.0,1.0,,1.0,2.0,4.0,8.0,6.0,2.0,4.0,6.0,7.0,5.0,3.0,2.0,0.0
2021-04-15,2.0,0.0,0.0,1.0,2.0,0.0,0.0,0.0,,0.0,1.0,1.0,0.0,2.0,0.0,0.0,1.0,1.0,3.0,1.0,1.0,0.0
2021-04-16,2.0,3.0,0.0,2.0,20.0,17.0,15.0,19.0,,2.0,2.0,2.0,2.0,0.0,1.0,2.0,1.0,3.0,3.0,8.0,8.0,0.0
2021-04-17,0.0,1.0,0.0,1.0,1.0,,,3.0,,0.0,0.0,0.0,3.0,1.0,1.0,1.0,6.0,8.0,8.0,8.0,8.0,0.0
2021-04-18,2.0,2.0,0.0,2.0,1.0,6.0,4.0,0.0,,4.0,4.0,3.0,3.0,7.0,4.0,1.0,0.0,3.0,0.0,4.0,3.0,0.0
2021-04-19,3.0,3.0,0.0,4.0,4.0,1.0,1.0,0.0,,31.0,32.0,31.0,36.0,35.0,30.0,30.0,27.0,28.0,24.0,21.0,38.0,0.0
2021-04-20,2.0,1.0,0.0,1.0,1.0,1.0,1.0,0.0,,0.0,0.0,0.0,2.0,0.0,5.0,1.0,0.0,1.0,1.0,3.0,3.0,
2021-04-21,2.0,0.0,0.0,4.0,3.0,3.0,4.0,4.0,,4.0,3.0,4.0,2.0,0.0,0.0,0.0,6.0,6.0,6.0,4.0,4.0,0.0
2021-04-22,2.0,2.0,1.0,3.0,2.0,2.0,4.0,1.0,,0.0,2.0,1.0,2.0,2.0,1.0,2.0,2.0,2.0,2.0,3.0,3.0,3.0
2021-04-23,2.0,1.0,0.0,3.0,1.0,0.0,0.0,0.0,,0.0,0.0,1.0,5.0,2.0,0.0,2.0,2.0,2.0,7.0,3.0,3.0,1.0
2021-04-24,0.0,0.0,0.0,2.0,1.0,1.0,1.0,0.0,,2.0,2.0,1.0,1.0,0.0,10.0,16.0,14.0,14.0,7.0,4.0,4.0,1.0
2021-04-25,1.0,0.0,0.0,1.0,2.0,3.0,3.0,2.0,,3.0,3.0,3.0,5.0,2.0,1.0,3.0,3.0,4.0,0.0,2.0,1.0,0.0
2021-04-26,0.0,0.0,0.0,1.0,13.0,8.0,7.0,7.0,,1.0,1.0,3.0,8.0,8.0,6.0,3.0,3.0,4.0,0.0,3.0,3.0,7.0
2021-04-27,1.0,1.0,0.0,1.0,1.0,0.0,0.0,0.0,,1.0,3.0,1.0,1.0,1.0,4.0,5.0,4.0,4.0,2.0,2.0,0.0,0.0
2021-04-28,1.0,2.0,0.0,1.0,3.0,0.0,0.0,0.0,,0.0,0.0,0.0,1.0,0.0,6.0,5.0,5.0,5.0,17.0,17.0,16.0,1.0
2021-04-29,0.0,0.0,0.0,3.0,5.0,7.0,8.0,2.0,,0.0,2.0,2.0,2.0,0.0,2.0,3.0,3.0,3.0,0.0,0.0,0.0,1.0
2021-04-30,0.0,2.0,1.0,2.0,0.0,0.0,1.0,0.0,,0.0,1.0,0.0,4.0,5.0,51.0,55.0,57.0,59.0,58.0,57.0,55.0,34.0
2021-05-01,0.0,0.0,0.0,3.0,3.0,0.0,0.0,0.0,,0.0,0.0,0.0,0.0,0.0,1.0,3.0,3.0,4.0,1.0,1.0,2.0,1.0
2021-05-02,1.0,0.0,0.0,2.0,0.0,1.0,3.0,7.0,,2.0,2.0,3.0,2.0,0.0,0.0,3.0,1.0,3.0,2.0,3.0,3.0,2.0
2021-05-03,,,,,0.0,4.0,2.0,0.0,,2.0,1.0,0.0,29.0,29.0,26.0,23.0,34.0,38.0,37.0,38.0,38.0,0.0
2021-05-04,0.0,0.0,0.0,1.0,4.0,0.0,0.0,0.0,,5.0,5.0,6.0,4.0,2.0,0.0,8.0,13.0,15.0,12.0,,114.0,0.0
2021-05-05,0.0,1.0,0.0,3.0,1.0,4.0,2.0,1.0,,1.0,2.0,2.0,1.0,0.0,6.0,4.0,1.0,6.0,7.0,7.0,7.0,3.0
2021-05-06,0.0,0.0,0.0,2.0,17.0,20.0,20.0,19.0,,7.0,7.0,7.0,14.0,13.0,12.0,10.0,9.0,10.0,9.0,8.0,8.0,3.0
2021-05-07,0.0,4.0,2.0,4.0,6.0,4.0,3.0,0.0,,2.0,4.0,4.0,4.0,12.0,38.0,38.0,37.0,41.0,55.0,81.0,82.0,0.0
2021-05-08,1.0,4.0,1.0,3.0,1.0,3.0,8.0,7.0,,1.0,2.0,5.0,3.0,0.0,1.0,3.0,0.0,1.0,1.0,4.0,4.0,0.0
2021-05-09,0.0,0.0,0.0,0.0,68.0,66.0,65.0,58.0,,49.0,48.0,50.0,51.0,48.0,44.0,49.0,47.0,49.0,47.0,46.0,46.0,48.0
2021-05-10,1.0,1.0,0.0,1.0,5.0,3.0,3.0,3.0,,0.0,0.0,0.0,1.0,0.0,0.0,5.0,4.0,6.0,4.0,3.0,3.0,2.0
2021-05-11,0.0,1.0,0.0,2.0,4.0,1.0,2.0,0.0,,8.0,8.0,8.0,6.0,3.0,1.0,0.0,0.0,2.0,4.0,5.0,5.0,0.0
2021-05-12,0.0,0.0,0.0,1.0,2.0,0.0,0.0,0.0,,1.0,1.0,0.0,5.0,3.0,0.0,5.0,3.0,2.0,3.0,12.0,11.0,0.0
2021-05-13,0.0,0.0,0.0,1.0,2.0,1.0,0.0,0.0,,4.0,5.0,3.0,5.0,2.0,0.0,3.0,5.0,6.0,2.0,0.0,0.0,1.0
2021-05-14,1.0,0.0,0.0,2.0,2.0,2.0,2.0,0.0,,4.0,5.0,,,4.0,3.0,6.0,28.0,31.0,28.0,30.0,32.0,0.0
2021-05-15,0.0,1.0,0.0,2.0,1.0,0.0,0.0,0.0,0.0,1.0,1.0,,,4.0,3.0,4.0,3.0,8.0,3.0,1.0,1.0,1.0
2021-05-16,0.0,0.0,0.0,1.0,3.0,0.0,0.0,6.0,8.0,8.0,8.0,,,18.0,17.0,20.0,23.0,23.0,21.0,18.0,18.0,6.0
2021-05-17,1.0,1.0,0.0,2.0,3.0,1.0,2.0,0.0,0.0,1.0,1.0,1.0,1.0,1.0,1.0,0.0,1.0,2.0,0.0,3.0,2.0,2.0
2021-05-18,0.0,0.0,0.0,4.0,9.0,4.0,3.0,6.0,2.0,5.0,12.0,12.0,18.0,17.0,14.0,13.0,13.0,18.0,22.0,23.0,22.0,2.0
2021-05-19,2.0,0.0,0.0,3.0,,,,55.0,70.0,68.0,69.0,70.0,72.0,69.0,66.0,91.0,95.0,100.0,98.0,99.0,100.0,0.0
2021-05-20,0.0,2.0,1.0,2.0,0.0,2.0,2.0,0.0,0.0,1.0,1.0,0.0,0.0,0.0,14.0,20.0,21.0,23.0,19.0,18.0,17.0,0.0
2021-05-21,0.0,0.0,1.0,1.0,2.0,0.0,1.0,1.0,0.0,1.0,1.0,0.0,,17.0,13.0,16.0,13.0,15.0,28.0,28.0,27.0,7.0
2021-05-22,0.0,0.0,0.0,3.0,1.0,0.0,0.0,0.0,,,15.0,14.0,14.0,14.0,9.0,8.0,9.0,10.0,4.0,0.0,0.0,0.0
2021-05-23,2.0,1.0,0.0,2.0,1.0,0.0,0.0,1.0,,,5.0,5.0,5.0,4.0,2.0,8.0,9.0,9.0,2.0,8.0,8.0,0.0
2021-05-24,0.0,0.0,0.0,1.0,0.0,0.0,0.0,2.0,,,8.0,9.0,10.0,8.0,3.0,6.0,4.0,4.0,1.0,9.0,8.0,1.0
2021-05-25,3.0,1.0,0.0,3.0,21.0,19.0,20.0,16.0,,,28.0,29.0,28.0,25.0,72.0,76.0,77.0,77.0,73.0,75.0,0.0,0.0
2021-05-26,0.0,1.0,0.0,1.0,2.0,0.0,7.0,10.0,7.0,5.0,6.0,5.0,6.0,7.0,5.0,5.0,6.0,10.0,5.0,12.0,0.0,1.0
2021-05-27,1.0,3.0,2.0,4.0,2.0,2.0,3.0,5.0,3.0,0.0,2.0,5.0,4.0,2.0,1.0,1.0,1.0,2.0,1.0,2.0,2.0,1.0
2021-05-28,0.0,1.0,2.0,3.0,2.0,2.0,5.0,1.0,0.0,0.0,2.0,4.0,6.0,5.0,2.0,2.0,4.0,4.0,10.0,10.0,10.0,0.0
2021-05-29,0.0,0.0,0.0,3.0,2.0,0.0,0.0,1.0,0.0,3.0,5.0,6.0,7.0,3.0,0.0,1.0,2.0,3.0,1.0,0.0,1.0,0.0
2021-05-30,1.0,0.0,1.0,5.0,2.0,0.0,1.0,2.0,,0.0,2.0,6.0,7.0,4.0,0.0,0.0,1.0,3.0,0.0,2.0,2.0,0.0
2021-05-31,24.0,23.0,20.0,24.0,18.0,11.0,10.0,8.0,5.0,5.0,4.0,4.0,8.0,5.0,1.0,5.0,4.0,4.0,2.0,0.0,0.0,4.0
2021-06-01,0.0,0.0,0.0,1.0,3.0,1.0,1.0,2.0,1.0,3.0,3.0,6.0,6.0,5.0,2.0,0.0,0.0,2.0,4.0,7.0,7.0,2.0
2021-06-02,0.0,0.0,0.0,2.0,0.0,0.0,0.0,2.0,0.0,3.0,3.0,4.0,4.0,3.0,1.0,4.0,3.0,6.0,4.0,33.0,32.0,14.0
2021-06-03,1.0,0.0,0.0,2.0,2.0,0.0,0.0,1.0,0.0,0.0,2.0,15.0,19.0,23.0,19.0,29.0,28.0,29.0,26.0,23.0,25.0,0.0
2021-06-04,1.0,0.0,0.0,1.0,1.0,1.0,4.0,6.0,4.0,2.0,4.0,,0.0,14.0,10.0,10.0,11.0,11.0,6.0,5.0,0.0,1.0
2021-06-05,0.0,0.0,0.0,0.0,0.0,0.0,0.0,0.0,0.0,1.0,2.0,1.0,3.0,0.0,0.0,0.0,0.0,0.0,0.0,0.0,27.0,0.0
2021-06-06,,,,0.0,0.0,0.0,2.0,0.0,,0.0,0.0,2.0,2.0,0.0,0.0,4.0,2.0,4.0,1.0,10.0,11.0,11.0
2021-06-07,0.0,1.0,0.0,0.0,,,,,17.0,14.0,13.0,11.0,14.0,12.0,9.0,7.0,6.0,7.0,2.0,1.0,1.0,2.0
2021-06-08,,,,0.0,2.0,0.0,1.0,3.0,1.0,1.0,1.0,2.0,3.0,2.0,0.0,11.0,13.0,14.0,10.0,7.0,7.0,3.0
2021-06-09,,,,,0.0,0.0,0.0,9.0,7.0,5.0,4.0,4.0,3.0,2.0,2.0,6.0,7.0,8.0,8.0,7.0,7.0,2.0
2021-06-10,,,,,,1.0,1.0,6.0,4.0,18.0,18.0,17.0,15.0,17.0,14.0,15.0,26.0,27.0,25.0,22.0,21.0,0.0
2021-06-11,,,,,0.0,0.0,0.0,3.0,1.0,5.0,6.0,6.0,31.0,31.0,40.0,45.0,45.0,45.0,39.0,44.0,42.0,13.0
2021-06-12,0.0,0.0,0.0,1.0,3.0,0.0,0.0,2.0,0.0,2.0,3.0,12.0,17.0,13.0,10.0,9.0,10.0,12.0,30.0,31.0,30.0,11.0
2021-06-13,0.0,0.0,0.0,1.0,1.0,0.0,1.0,10.0,7.0,3.0,5.0,4.0,4.0,1.0,0.0,6.0,3.0,3.0,1.0,0.0,0.0,3.0
2021-06-14,,,,,,,,,,,,,0.0,0.0,0.0,2.0,3.0,0.0,0.0,,0.0,1.0
2021-06-15,1.0,0.0,0.0,0.0,3.0,0.0,2.0,1.0,0.0,0.0,0.0,0.0,4.0,2.0,0.0,6.0,5.0,5.0,3.0,6.0,6.0,3.0
2021-06-16,,,,,4.0,3.0,0.0,0.0,1.0,1.0,5.0,,10.0,10.0,17.0,18.0,16.0,15.0,11.0,16.0,15.0,7.0
2021-06-17,0.0,0.0,1.0,5.0,5.0,0.0,0.0,0.0,0.0,2.0,2.0,1.0,5.0,2.0,30.0,38.0,38.0,39.0,116.0,116.0,0.0,0.0
2021-06-18,,,0.0,1.0,1.0,2.0,13.0,12.0,8.0,10.0,13.0,14.0,13.0,25.0,31.0,53.0,56.0,58.0,68.0,68.0,72.0,0.0
2021-06-19,1.0,1.0,1.0,2.0,4.0,4.0,3.0,1.0,0.0,0.0,3.0,13.0,12.0,8.0,23.0,23.0,19.0,21.0,20.0,27.0,9.0,9.0
2021-06-20,,0.0,0.0,2.0,3.0,0.0,0.0,0.0,0.0,0.0,0.0,0.0,9.0,9.0,5.0,12.0,11.0,13.0,10.0,30.0,31.0,0.0
2021-06-21,0.0,0.0,1.0,3.0,4.0,1.0,2.0,2.0,1.0,3.0,2.0,3.0,2.0,0.0,1.0,2.0,2.0,9.0,7.0,6.0,6.0,0.0
2021-06-22,1.0,2.0,0.0,2.0,1.0,1.0,0.0,2.0,,1.0,4.0,6.0,5.0,9.0,4.0,1.0,7.0,7.0,3.0,3.0,4.0,14.0
2021-06-23,0.0,0.0,0.0,1.0,4.0,1.0,2.0,2.0,1.0,2.0,3.0,5.0,7.0,7.0,6.0,8.0,8.0,9.0,7.0,8.0,8.0,6.0
2021-06-24,0.0,2.0,2.0,2.0,23.0,16.0,17.0,12.0,8.0,7.0,6.0,6.0,5.0,20.0,21.0,24.0,25.0,26.0,24.0,24.0,23.0,0.0
2021-06-25,0.0,1.0,0.0,1.0,4.0,1.0,1.0,2.0,2.0,2.0,3.0,2.0,2.0,1.0,2.0,5.0,5.0,7.0,3.0,9.0,9.0,0.0
2021-06-26,0.0,0.0,0.0,2.0,5.0,1.0,0.0,0.0,1.0,2.0,2.0,1.0,1.0,0.0,0.0,1.0,2.0,3.0,1.0,1.0,0.0,0.0
2021-06-27,0.0,0.0,0.0,3.0,3.0,1.0,1.0,0.0,0.0,1.0,2.0,2.0,2.0,2.0,3.0,6.0,6.0,6.0,2.0,1.0,0.0,0.0
2021-06-28,0.0,1.0,0.0,1.0,2.0,2.0,7.0,6.0,4.0,1.0,3.0,3.0,2.0,5.0,1.0,5.0,3.0,3.0,1.0,6.0,6.0,0.0
2021-06-29,1.0,2.0,1.0,5.0,9.0,4.0,3.0,0.0,2.0,3.0,6.0,9.0,8.0,5.0,4.0,8.0,24.0,29.0,33.0,34.0,34.0,0.0
2021-06-30,0.0,0.0,0.0,6.0,9.0,4.0,3.0,2.0,6.0,4.0,4.0,5.0,5.0,5.0,0.0,4.0,3.0,3.0,3.0,0.0,0.0,0.0
2021-07-01,0.0,1.0,0.0,3.0,0.0,1.0,1.0,5.0,2.0,3.0,3.0,6.0,9.0,12.0,10.0,26.0,27.0,28.0,30.0,42.0,41.0,0.0
2021-07-02,0.0,2.0,2.0,3.0,1.0,0.0,0.0,,,10.0,11.0,15.0,16.0,17.0,13.0,15.0,22.0,24.0,19.0,19.0,18.0,0.0
2021-07-03,0.0,3.0,2.0,1.0,1.0,1.0,43.0,,,,,44.0,45.0,47.0,42.0,46.0,48.0,50.0,46.0,45.0,45.0,0.0
2021-07-04,0.0,0.0,0.0,2.0,0.0,1.0,5.0,,,,,12.0,16.0,15.0,11.0,11.0,12.0,12.0,7.0,5.0,4.0,0.0
2021-07-05,3.0,4.0,3.0,1.0,1.0,0.0,4.0,,,,,20.0,22.0,21.0,19.0,20.0,27.0,33.0,33.0,31.0,0.0,0.0
2021-07-06,0.0,3.0,2.0,1.0,4.0,2.0,2.0,,,,,6.0,8.0,6.0,7.0,5.0,4.0,6.0,6.0,11.0,11.0,0.0
2021-07-07,0.0,,3.0,2.0,7.0,,2.0,,,,,0.0,1.0,0.0,1.0,,4.0,7.0,,5.0,5.0,0.0
2021-07-08,,,9.0,10.0,10.0,4.0,7.0,,,,,10.0,,8.0,,6.0,8.0,,9.0,,7.0,0.0
2021-07-09,0.0,0.0,0.0,2.0,5.0,1.0,1.0,,,,,1.0,20.0,24.0,21.0,25.0,27.0,27.0,35.0,36.0,36.0,0.0
2021-07-10,1.0,2.0,1.0,2.0,0.0,0.0,0.0,,,,,2.0,3.0,1.0,1.0,8.0,13.0,13.0,8.0,7.0,7.0,0.0
2021-07-11,0.0,1.0,0.0,2.0,1.0,0.0,1.0,,,,,10.0,14.0,12.0,10.0,10.0,10.0,12.0,7.0,8.0,0.0,4.0
2021-07-12,0.0,2.0,1.0,0.0,0.0,0.0,0.0,,,,,32.0,34.0,39.0,41.0,50.0,52.0,55.0,58.0,60.0,60.0,0.0
2021-07-13,1.0,2.0,1.0,2.0,2.0,2.0,5.0,,,,,12.0,11.0,11.0,6.0,5.0,4.0,14.0,11.0,10.0,9.0,2.0
2021-07-14,0.0,0.0,0.0,2.0,1.0,2.0,2.0,,,,,7.0,7.0,14.0,11.0,11.0,13.0,13.0,9.0,5.0,5.0,0.0
2021-07-15,0.0,,0.0,,,,,,,,,0.0,,,,,,,,,,0.0
2021-07-16,0.0,,0.0,,,,,,,,,0.0,,66.0,66.0,65.0,67.0,71.0,68.0,65.0,64.0,0.0
2021-07-17,1.0,0.0,1.0,1.0,1.0,1.0,1.0,,,,,20.0,,45.0,41.0,41.0,41.0,42.0,40.0,39.0,0.0,0.0
2021-07-18,0.0,0.0,,0.0,,,,,,,,177.0,184.0,196.0,195.0,213.0,214.0,214.0,214.0,209.0,209.0,0.0
2021-07-19,0.0,0.0,0.0,17.0,12.0,4.0,2.0,,,,,56.0,61.0,68.0,65.0,67.0,68.0,69.0,75.0,73.0,0.0,0.0
2021-07-20,0.0,0.0,0.0,1.0,2.0,0.0,2.0,,,,,24.0,30.0,39.0,35.0,51.0,57.0,58.0,55.0,56.0,56.0,0.0
2021-07-21,0.0,0.0,1.0,3.0,2.0,0.0,0.0,,,,,26.0,35.0,52.0,56.0,70.0,72.0,73.0,72.0,81.0,81.0,0.0
2021-07-22,10.0,9.0,9.0,11.0,9.0,4.0,2.0,,,,,17.0,25.0,37.0,33.0,31.0,36.0,38.0,41.0,54.0,58.0,0.0
2021-07-23,0.0,0.0,0.0,2.0,1.0,12.0,15.0,,,,,35.0,32.0,36.0,36.0,35.0,36.0,36.0,37.0,35.0,0.0,0.0
2021-07-24,,,,,0.0,2.0,3.0,,,,,11.0,5.0,10.0,11.0,13.0,12.0,,,,1.0,2.0
2021-07-25,1.0,1.0,1.0,1.0,4.0,1.0,1.0,,,,,11.0,15.0,16.0,11.0,10.0,10.0,16.0,39.0,39.0,39.0,25.0
2021-07-26,0.0,0.0,0.0,1.0,2.0,0.0,3.0,,,,,7.0,13.0,13.0,8.0,8.0,11.0,12.0,12.0,7.0,7.0,2.0
2021-07-27,1.0,0.0,1.0,1.0,2.0,2.0,1.0,,,,,4.0,4.0,2.0,3.0,3.0,23.0,26.0,27.0,26.0,25.0,0.0
2021-07-28,0.0,1.0,1.0,4.0,1.0,0.0,22.0,,,,,33.0,34.0,39.0,36.0,37.0,39.0,43.0,41.0,39.0,39.0,0.0
2021-07-29,0.0,0.0,1.0,4.0,4.0,1.0,3.0,,,,,4.0,5.0,4.0,4.0,4.0,5.0,8.0,8.0,24.0,20.0,1.0
2021-07-30,1.0,0.0,1.0,4.0,3.0,1.0,1.0,,,,,21.0,15.0,13.0,12.0,13.0,15.0,16.0,49.0,52.0,48.0,25.0
2021-07-31,,,,,,,,,,,,,,,,,,,,,0.0,0.0
2021-08-01,,,,,,,,,,,,,,,,,,,,,,
2021-08-02,0.0,0.0,0.0,1.0,1.0,0.0,1.0,,,,,0.0,6.0,4.0,1.0,1.0,5.0,7.0,5.0,3.0,2.0,0.0
2021-08-03,1.0,4.0,3.0,5.0,2.0,0.0,1.0,,,,,0.0,14.0,14.0,23.0,24.0,31.0,32.0,31.0,31.0,31.0,6.0
2021-08-04,0.0,0.0,2.0,6.0,3.0,0.0,1.0,,,,,0.0,3.0,3.0,2.0,0.0,4.0,7.0,4.0,10.0,10.0,2.0
2021-08-05,0.0,0.0,0.0,2.0,0.0,0.0,2.0,,,,,6.0,8.0,7.0,6.0,6.0,6.0,6.0,3.0,1.0,1.0,0.0
2021-08-06,0.0,0.0,75.0,77.0,75.0,73.0,79.0,,,,,81.0,83.0,84.0,105.0,109.0,110.0,114.0,115.0,112.0,112.0,0.0
2021-08-07,,,,,,,,,,,,,,,,,,,,,1.0,3.0
2021-08-08,,,,,,,,,,,,,,,,,,,,,0.0,3.0
2021-08-09,0.0,0.0,3.0,4.0,2.0,8.0,7.0,,,,,2.0,4.0,4.0,4.0,7.0,10.0,10.0,6.0,3.0,3.0,0.0
2021-08-10,0.0,0.0,1.0,4.0,5.0,0.0,1.0,,,,,1.0,1.0,0.0,2.0,2.0,11.0,20.0,19.0,19.0,19.0,2.0
2021-08-11,7.0,5.0,4.0,5.0,4.0,3.0,2.0,,,,,0.0,,,,,,,,,,0.0
2021-08-12,1.0,3.0,2.0,5.0,2.0,2.0,2.0,,,,,0.0,,,,,,,,,2.0,2.0
2021-08-13,0.0,0.0,0.0,3.0,2.0,0.0,1.0,,,,,16.0,16.0,14.0,13.0,12.0,15.0,15.0,9.0,13.0,13.0,0.0
2021-08-14,,,,,0.0,7.0,13.0,,,,,,,13.0,34.0,36.0,,,,,1.0,2.0
2021-08-15,,,,0.0,8.0,3.0,1.0,,,,,,0.0,50.0,47.0,51.0,52.0,,,,1.0,2.0
2021-08-16,0.0,1.0,1.0,2.0,6.0,3.0,2.0,6.0,,6.0,1.0,6.0,9.0,14.0,17.0,24.0,28.0,30.0,30.0,29.0,29.0,4.0
2021-08-17,3.0,1.0,0.0,3.0,9.0,10.0,10.0,11.0,,6.0,2.0,4.0,8.0,8.0,11.0,11.0,22.0,22.0,20.0,22.0,21.0,2.0
2021-08-18,0.0,2.0,1.0,3.0,4.0,2.0,3.0,10.0,,8.0,4.0,7.0,9.0,30.0,34.0,35.0,36.0,37.0,34.0,38.0,38.0,0.0
2021-08-19,0.0,5.0,4.0,8.0,7.0,3.0,4.0,6.0,,5.0,2.0,3.0,6.0,17.0,17.0,25.0,27.0,33.0,36.0,34.0,34.0,9.0
2021-08-20,0.0,0.0,0.0,3.0,1.0,5.0,5.0,0.0,0.0,2.0,2.0,3.0,8.0,9.0,5.0,2.0,2.0,8.0,6.0,5.0,5.0,0.0
2021-08-21,0.0,0.0,0.0,3.0,0.0,0.0,1.0,0.0,3.0,5.0,5.0,5.0,5.0,9.0,4.0,5.0,3.0,7.0,13.0,13.0,12.0,1.0
2021-08-22,0.0,0.0,0.0,3.0,5.0,1.0,0.0,0.0,0.0,1.0,1.0,0.0,4.0,7.0,,17.0,16.0,19.0,54.0,54.0,54.0,31.0
2021-08-23,0.0,0.0,0.0,4.0,1.0,0.0,0.0,0.0,0.0,1.0,2.0,3.0,,,,,,,,,,0.0
2021-08-24,0.0,0.0,0.0,6.0,3.0,0.0,0.0,0.0,2.0,4.0,4.0,3.0,,,,,,,,,1.0,1.0
2021-08-25,1.0,0.0,0.0,1.0,2.0,1.0,2.0,2.0,37.0,34.0,34.0,37.0,39.0,40.0,47.0,51.0,56.0,57.0,53.0,67.0,69.0,0.0
2021-08-26,1.0,1.0,0.0,2.0,2.0,0.0,0.0,1.0,1.0,5.0,7.0,5.0,7.0,9.0,8.0,8.0,8.0,10.0,19.0,30.0,33.0,26.0
2021-08-27,2.0,1.0,0.0,1.0,,,,,55.0,57.0,58.0,59.0,65.0,65.0,60.0,72.0,72.0,73.0,67.0,66.0,66.0,0.0
2021-08-28,0.0,0.0,1.0,6.0,18.0,14.0,16.0,15.0,13.0,16.0,17.0,17.0,17.0,17.0,16.0,23.0,27.0,30.0,32.0,33.0,34.0,9.0
2021-08-29,2.0,0.0,0.0,1.0,1.0,1.0,2.0,0.0,2.0,1.0,3.0,1.0,3.0,2.0,0.0,3.0,3.0,10.0,8.0,9.0,9.0,2.0
2021-08-30,1.0,2.0,1.0,3.0,2.0,4.0,4.0,2.0,0.0,2.0,3.0,11.0,13.0,16.0,38.0,39.0,39.0,46.0,40.0,41.0,45.0,0.0
2021-08-31,0.0,0.0,0.0,2.0,4.0,1.0,2.0,0.0,,4.0,5.0,,,24.0,21.0,22.0,22.0,24.0,18.0,18.0,18.0,2.0
2021-09-01,0.0,1.0,0.0,2.0,5.0,38.0,39.0,50.0,55.0,59.0,60.0,60.0,64.0,63.0,60.0,65.0,64.0,66.0,61.0,62.0,81.0,0.0
2021-09-02,0.0,,,,,,,,,,,,,,,,,,,,,0.0
2021-09-03,0.0,,,,,,,,,,,,,,,,,,,,,0.0
2021-09-04,0.0,,,,,,,,,,,,,,,,,,,,,0.0
2021-09-05,0.0,,,,,,,,,,,,,,,,,,,,,
2021-09-06,0.0,0.0,,0.0,,,,,,,,,,,,,,,,,1.0,2.0
2021-09-07,0.0,8.0,8.0,17.0,15.0,13.0,22.0,22.0,20.0,19.0,19.0,20.0,27.0,23.0,23.0,23.0,25.0,27.0,24.0,24.0,25.0,6.0
2021-09-08,0.0,3.0,2.0,2.0,2.0,0.0,0.0,0.0,0.0,0.0,0.0,0.0,1.0,2.0,0.0,2.0,1.0,3.0,15.0,18.0,19.0,2.0
2021-09-09,0.0,0.0,0.0,3.0,10.0,9.0,11.0,18.0,15.0,15.0,13.0,21.0,22.0,27.0,25.0,24.0,21.0,23.0,25.0,32.0,33.0,8.0
2021-09-10,0.0,3.0,2.0,3.0,8.0,2.0,1.0,7.0,5.0,3.0,7.0,15.0,16.0,14.0,13.0,13.0,12.0,12.0,12.0,9.0,10.0,2.0
2021-09-11,1.0,4.0,6.0,6.0,4.0,6.0,7.0,7.0,4.0,3.0,3.0,3.0,5.0,7.0,13.0,12.0,16.0,18.0,24.0,29.0,29.0,4.0
2021-09-12,1.0,2.0,1.0,2.0,1.0,1.0,3.0,3.0,0.0,1.0,1.0,0.0,3.0,3.0,15.0,24.0,24.0,30.0,28.0,26.0,27.0,20.0
