date,Dortmund Hbf,Bochum Hbf,Essen Hbf,Duisburg Hbf,Düsseldorf Hbf,Köln Hbf,Bonn Hbf,Koblenz Hbf,Mainz Hbf,Frankfurt(M) Flughafen Fernbf,Frankfurt(Main)Hbf,Hanau Hbf,Würzburg Hbf,Nürnberg Hbf,Regensburg Hbf,Plattling,Passau Hbf,Linz Hbf,St.Pölten Hbf,Wien Meidling,Wien Hbf
2019-01-01,,,,,,,,,,,,,,,,,,0.0,0.0,0.0,0.0
2019-01-02,,,,,,,,,,,,,,,,0.0,2.0,0.0,0.0,0.0,0.0
2019-01-03,,,,,,,,,,,,,,,0.0,0.0,2.0,0.0,0.0,0.0,0.0
2019-01-04,,,,,,,,,,,,,,1.0,0.0,0.0,2.0,2.0,3.0,,
2019-01-05,,,,,,,,,,,,,,,,,,,,,
2019-01-06,,,,,,,,,,,,,,,,,,,,,
2019-01-07,0.0,0.0,0.0,0.0,0.0,1.0,0.0,1.0,14.0,16.0,18.0,19.0,46.0,43.0,36.0,32.0,33.0,30.0,27.0,25.0,23.0
2019-01-08,,,,,0.0,0.0,0.0,0.0,23.0,22.0,22.0,20.0,15.0,14.0,5.0,6.0,7.0,3.0,1.0,2.0,
2019-01-09,,,,,1.0,0.0,0.0,1.0,7.0,6.0,8.0,9.0,2.0,9.0,5.0,4.0,3.0,,,,
2019-01-10,,,,,,,,,20.0,17.0,20.0,28.0,21.0,18.0,19.0,18.0,17.0,20.0,20.0,19.0,18.0
2019-01-11,,,,,,,,6.0,7.0,4.0,6.0,6.0,0.0,0.0,,,,,,,
2019-01-12,,,,,,,,,,,,,,,,,,,,,
2019-01-13,,,,,,,,,,,,,,,,,,,,,
2019-01-14,,,,,,,4.0,4.0,27.0,28.0,33.0,31.0,24.0,21.0,19.0,14.0,16.0,11.0,,,
2019-01-15,,,,,2.0,1.0,1.0,1.0,4.0,3.0,5.0,8.0,,,1.0,0.0,4.0,1.0,1.0,1.0,
2019-01-16,0.0,,,,,0.0,11.0,12.0,12.0,13.0,16.0,20.0,14.0,7.0,1.0,1.0,5.0,6.0,3.0,1.0,0.0
2019-01-17,,,0.0,0.0,1.0,0.0,2.0,1.0,3.0,3.0,5.0,5.0,2.0,2.0,2.0,1.0,4.0,2.0,10.0,15.0,13.0
2019-01-18,0.0,0.0,0.0,0.0,0.0,0.0,4.0,2.0,2.0,8.0,10.0,,,,,,,43.0,42.0,40.0,38.0
2019-01-19,,,,,,,,,,,,,,,,,,,,,
2019-01-20,,,,,,,,,,,,,,,,,,,,,
2019-01-21,,,,,,,,,,4.0,4.0,8.0,2.0,0.0,2.0,1.0,1.0,0.0,1.0,1.0,0.0
2019-01-22,0.0,,,,,,7.0,25.0,,,,40.0,30.0,27.0,21.0,24.0,24.0,,,,0.0
2019-01-23,,,,,,,28.0,25.0,27.0,23.0,25.0,38.0,29.0,23.0,15.0,29.0,32.0,32.0,31.0,33.0,37.0
2019-01-24,,,,,,,,,,,,15.0,6.0,4.0,2.0,4.0,4.0,1.0,0.0,2.0,1.0
2019-01-25,0.0,0.0,0.0,0.0,0.0,0.0,10.0,25.0,,,,,,,,,,,,,0.0
2019-01-26,,,,,,,,,,,,,,,,,,,,,
2019-01-27,,,,,,,,,,,,,,,,,,,,,
2019-01-28,,,,,,,,,2.0,1.0,4.0,6.0,0.0,5.0,,,2.0,0.0,0.0,3.0,1.0
2019-01-29,,,,,,,,1.0,3.0,4.0,5.0,2.0,0.0,4.0,2.0,1.0,3.0,0.0,0.0,,
2019-01-30,,,,,,,,,1.0,3.0,4.0,3.0,3.0,2.0,,0.0,2.0,1.0,0.0,0.0,0.0
2019-01-31,0.0,0.0,0.0,0.0,0.0,0.0,2.0,1.0,12.0,,,,,,,,,,,,0.0
2019-02-01,,,,,,0.0,0.0,0.0,2.0,5.0,8.0,4.0,0.0,,,,10.0,3.0,0.0,1.0,0.0
2019-02-02,,,,,,,,,,,,,,,,,,,,,
2019-02-03,,,,,,,,,,,,,,,,,,,,,
2019-02-04,,,,,,,,,,5.0,5.0,10.0,6.0,6.0,5.0,5.0,7.0,3.0,10.0,10.0,10.0
2019-02-05,,,,,,,,,,,,,,,,,,,,,
2019-02-06,,0.0,0.0,0.0,0.0,3.0,3.0,2.0,0.0,3.0,2.0,0.0,,,,,,,,,0.0
2019-02-07,,,,,,,,,,,6.0,8.0,0.0,0.0,3.0,0.0,7.0,1.0,0.0,1.0,0.0
2019-02-08,0.0,0.0,0.0,0.0,0.0,0.0,2.0,11.0,13.0,12.0,,,,,,,,,,,0.0
2019-02-09,,,,,,,,,,,,,,,,,,,,,
2019-02-10,,,,,,,,,,,,,,,,,,,,,
2019-02-11,0.0,0.0,0.0,0.0,0.0,0.0,0.0,0.0,,,,,,,,,,,,,0.0
2019-02-12,0.0,0.0,0.0,0.0,0.0,0.0,0.0,0.0,,,,,,,,,,,,,0.0
2019-02-13,,,,,,,11.0,10.0,12.0,14.0,16.0,18.0,7.0,,,,,,,1.0,0.0
2019-02-14,,,,,,,,,,,,,,,,,,,,,
2019-02-15,,,,,,,,,,,,18.0,9.0,5.0,2.0,0.0,,,,,
2019-02-16,,,,,,,,,,,,,,,,,,,,,
2019-02-17,,,,,,,,,,,,,,,,,,,,,
2019-02-18,0.0,0.0,0.0,0.0,0.0,0.0,0.0,4.0,6.0,8.0,16.0,,,,,,,,,,0.0
2019-02-19,0.0,0.0,0.0,2.0,0.0,0.0,0.0,3.0,4.0,,,,,,,,,,,,0.0
2019-02-20,,,,,,,,,,,,,,,,,,,,,
2019-02-21,0.0,0.0,0.0,0.0,0.0,5.0,,30.0,30.0,,,,,,,,,,,,0.0
2019-02-22,0.0,0.0,4.0,5.0,4.0,0.0,4.0,2.0,,,,,,,,,,,,,0.0
2019-02-23,,,,,,,,,,,,,,,,,,,,,
2019-02-24,,,,,,,,,,,,,,,,,,,,,
2019-02-25,,,,,,,,,,,,36.0,27.0,19.0,16.0,13.0,12.0,9.0,4.0,1.0,0.0
2019-02-26,,0.0,0.0,0.0,0.0,0.0,0.0,0.0,2.0,2.0,3.0,3.0,,,,,,,,,0.0
2019-02-27,,,,,,,,,,,,,,,,,,,,,
2019-02-28,0.0,0.0,0.0,0.0,0.0,0.0,2.0,3.0,5.0,6.0,,,,,,,,,,,0.0
2019-03-01,,,,,,,,2.0,0.0,0.0,5.0,11.0,3.0,2.0,2.0,0.0,3.0,0.0,,,
2019-03-02,,,,,,,,,,,,,,,,,,,,,
2019-03-03,,,,,,,,,,,,,,,,,,,,,
2019-03-04,,,,,,,,,,,,,,,2.0,1.0,1.0,5.0,8.0,12.0,10.0
2019-03-05,40.0,42.0,46.0,40.0,38.0,35.0,35.0,42.0,59.0,59.0,58.0,56.0,,,,,,,,,0.0
2019-03-06,,,,,,,,4.0,5.0,7.0,8.0,,,,,,,,,,0.0
2019-03-07,,,0.0,0.0,0.0,0.0,0.0,2.0,2.0,3.0,7.0,10.0,,,,,,,,,0.0
2019-03-08,,,,,,,,,7.0,4.0,4.0,4.0,2.0,2.0,,,,,,,
2019-03-09,,,,,,,,,,,,,,,,,,,,,
2019-03-10,,,,,,,,,,,,,,,,,,,,,
2019-03-11,,,,,,,,,0.0,,,27.0,24.0,,,17.0,15.0,,,,
2019-03-12,,,,,0.0,0.0,0.0,0.0,6.0,6.0,3.0,4.0,0.0,0.0,0.0,0.0,0.0,,,,
2019-03-13,,,,,,,,0.0,5.0,4.0,4.0,7.0,0.0,0.0,0.0,5.0,7.0,,,,
2019-03-14,,,,,,,,,0.0,5.0,4.0,0.0,10.0,4.0,1.0,0.0,1.0,,,,
2019-03-15,,,,,,,,0.0,5.0,,5.0,5.0,0.0,2.0,0.0,0.0,2.0,,,,
2019-03-16,,,,,,,,,,,,,,,,,,,,,
2019-03-17,,,,,,,,,,,,,,,,,,,,,
2019-03-18,,0.0,25.0,24.0,17.0,17.0,,,17.0,24.0,25.0,25.0,52.0,49.0,42.0,39.0,35.0,,,0.0,22.0
2019-03-19,,,,,,,,0.0,5.0,5.0,12.0,14.0,27.0,12.0,22.0,25.0,23.0,,,0.0,25.0
2019-03-20,,0.0,8.0,8.0,10.0,7.0,,,,7.0,17.0,20.0,23.0,7.0,1.0,0.0,0.0,,,,
2019-03-21,,0.0,0.0,0.0,0.0,7.0,5.0,,,5.0,7.0,7.0,7.0,2.0,4.0,0.0,1.0,,,,
2019-03-22,,,,,,,0.0,2.0,0.0,21.0,18.0,18.0,11.0,12.0,,7.0,7.0,,,,
2019-03-23,,,,,,,,,,,,,,,,,,,,,
2019-03-24,,,,,,,,,,,,,,,,,,,,,
2019-03-25,,,0.0,0.0,,,,0.0,20.0,23.0,50.0,50.0,56.0,60.0,59.0,59.0,59.0,60.0,,,
2019-03-26,,,,,,,,0.0,2.0,,,0.0,0.0,0.0,0.0,,,,,,
2019-03-27,,,,,,,,0.0,0.0,3.0,9.0,7.0,7.0,0.0,0.0,0.0,0.0,,,,
2019-03-28,3.0,0.0,0.0,0.0,0.0,0.0,0.0,5.0,22.0,19.0,,14.0,14.0,4.0,2.0,0.0,0.0,0.0,0.0,1.0,0.0
2019-03-29,,,,,0.0,0.0,11.0,9.0,9.0,9.0,10.0,11.0,0.0,0.0,4.0,2.0,4.0,,,,
2019-03-30,,,,,,,,,0.0,7.0,,0.0,0.0,0.0,0.0,0.0,2.0,5.0,1.0,,
2019-03-31,,,,,,,,0.0,6.0,3.0,2.0,,0.0,0.0,0.0,0.0,0.0,,,,0.0
2019-04-01,,0.0,0.0,,0.0,0.0,,,,,0.0,9.0,2.0,0.0,0.0,0.0,0.0,,,,
2019-04-02,,,,,0.0,0.0,,,,3.0,4.0,5.0,0.0,2.0,0.0,0.0,2.0,,,,
2019-04-03,,,,,,,,,,0.0,6.0,0.0,5.0,5.0,5.0,2.0,6.0,8.0,,,
2019-04-04,0.0,0.0,0.0,3.0,3.0,0.0,,30.0,28.0,26.0,35.0,36.0,35.0,30.0,29.0,24.0,,,,,0.0
2019-04-05,0.0,0.0,0.0,0.0,0.0,0.0,0.0,2.0,0.0,15.0,16.0,17.0,14.0,40.0,35.0,31.0,34.0,44.0,44.0,43.0,44.0
2019-04-06,,,,,,,0.0,5.0,,,,,0.0,0.0,0.0,,,,,,
2019-04-07,,0.0,0.0,0.0,0.0,0.0,0.0,2.0,0.0,6.0,7.0,14.0,6.0,0.0,0.0,0.0,0.0,4.0,,1.0,0.0
2019-04-08,,,,,,,,0.0,0.0,0.0,3.0,,0.0,0.0,0.0,0.0,0.0,,,,
2019-04-09,0.0,0.0,0.0,0.0,0.0,0.0,0.0,10.0,3.0,4.0,10.0,12.0,4.0,0.0,0.0,,0.0,0.0,,,0.0
2019-04-10,0.0,0.0,0.0,0.0,0.0,0.0,0.0,3.0,6.0,2.0,3.0,12.0,14.0,16.0,6.0,5.0,5.0,3.0,2.0,2.0,1.0
2019-04-11,,,,,,,,,,,,,0.0,0.0,0.0,0.0,,,,,
2019-04-12,,,,0.0,0.0,0.0,0.0,2.0,2.0,2.0,0.0,5.0,2.0,0.0,0.0,0.0,2.0,2.0,1.0,1.0,0.0
2019-04-13,,,,,,,,,,,,,0.0,0.0,0.0,0.0,3.0,3.0,1.0,,
2019-04-14,,,,,,,,,,,,2.0,0.0,0.0,0.0,0.0,0.0,0.0,,,
2019-04-15,,,,,,,,,,,10.0,15.0,3.0,0.0,0.0,,,,,,
2019-04-16,2.0,0.0,0.0,0.0,0.0,0.0,0.0,0.0,4.0,4.0,5.0,14.0,2.0,0.0,0.0,0.0,,,,,0.0
2019-04-17,20.0,17.0,16.0,16.0,16.0,10.0,12.0,12.0,11.0,14.0,13.0,18.0,9.0,4.0,0.0,6.0,6.0,3.0,,,0.0
2019-04-18,,,,,,,,3.0,3.0,6.0,9.0,14.0,5.0,0.0,0.0,0.0,3.0,,,,
2019-04-19,0.0,0.0,0.0,0.0,1.0,2.0,1.0,11.0,,,3.0,3.0,1.0,5.0,22.0,12.0,16.0,,,,0.0
2019-04-20,0.0,0.0,0.0,0.0,0.0,0.0,5.0,4.0,,,5.0,11.0,2.0,0.0,0.0,0.0,3.0,,,,0.0
2019-04-21,0.0,0.0,0.0,0.0,0.0,0.0,0.0,0.0,,,0.0,3.0,0.0,0.0,0.0,0.0,0.0,,,,0.0
2019-04-22,0.0,0.0,0.0,0.0,0.0,0.0,3.0,2.0,,,0.0,0.0,3.0,0.0,0.0,0.0,0.0,3.0,0.0,1.0,0.0
2019-04-23,0.0,0.0,0.0,0.0,0.0,0.0,4.0,0.0,,,0.0,0.0,0.0,7.0,2.0,0.0,0.0,0.0,,,0.0
2019-04-24,7.0,5.0,0.0,0.0,0.0,0.0,0.0,2.0,,,0.0,2.0,7.0,,,,,,,,0.0
2019-04-25,0.0,0.0,0.0,0.0,2.0,0.0,0.0,0.0,,,3.0,2.0,0.0,2.0,0.0,0.0,,,,,0.0
2019-04-26,0.0,0.0,0.0,0.0,0.0,0.0,2.0,7.0,11.0,12.0,14.0,13.0,3.0,1.0,0.0,0.0,0.0,1.0,0.0,1.0,0.0
2019-04-27,0.0,0.0,0.0,0.0,0.0,0.0,2.0,0.0,2.0,0.0,3.0,11.0,0.0,0.0,0.0,15.0,,,,,0.0
2019-04-28,0.0,0.0,0.0,0.0,3.0,3.0,9.0,7.0,4.0,3.0,2.0,10.0,0.0,2.0,0.0,0.0,2.0,3.0,,,0.0
2019-04-29,,,,,,,,,,,,,,,,,,,,,
2019-04-30,,,,,,,,,,,5.0,10.0,0.0,2.0,0.0,0.0,0.0,1.0,0.0,1.0,0.0
2019-05-01,0.0,0.0,0.0,0.0,0.0,0.0,0.0,0.0,5.0,0.0,5.0,3.0,0.0,0.0,0.0,0.0,0.0,2.0,1.0,1.0,0.0
2019-05-02,0.0,,,2.0,0.0,0.0,0.0,2.0,0.0,2.0,2.0,2.0,0.0,0.0,0.0,0.0,2.0,0.0,0.0,1.0,0.0
2019-05-03,,0.0,0.0,2.0,1.0,0.0,0.0,0.0,4.0,0.0,2.0,4.0,0.0,0.0,5.0,3.0,2.0,0.0,0.0,1.0,0.0
2019-05-04,0.0,0.0,0.0,0.0,0.0,0.0,0.0,0.0,0.0,3.0,4.0,15.0,12.0,4.0,0.0,2.0,4.0,4.0,1.0,4.0,4.0
2019-05-05,0.0,0.0,0.0,23.0,22.0,20.0,18.0,15.0,12.0,10.0,12.0,17.0,8.0,2.0,0.0,0.0,3.0,2.0,0.0,1.0,0.0
2019-05-06,0.0,0.0,3.0,0.0,3.0,0.0,1.0,1.0,2.0,1.0,3.0,3.0,0.0,0.0,10.0,10.0,11.0,9.0,,,0.0
2019-05-07,,0.0,1.0,2.0,0.0,0.0,1.0,7.0,9.0,8.0,9.0,9.0,2.0,2.0,2.0,3.0,,,,,0.0
2019-05-08,1.0,0.0,1.0,1.0,0.0,0.0,3.0,0.0,1.0,2.0,4.0,4.0,1.0,1.0,0.0,1.0,4.0,1.0,,,0.0
2019-05-09,1.0,0.0,1.0,1.0,0.0,2.0,9.0,6.0,19.0,18.0,21.0,23.0,15.0,14.0,4.0,2.0,3.0,27.0,22.0,24.0,23.0
2019-05-10,0.0,1.0,1.0,0.0,0.0,0.0,1.0,5.0,14.0,16.0,18.0,24.0,17.0,13.0,10.0,8.0,6.0,3.0,0.0,2.0,2.0
2019-05-11,0.0,0.0,0.0,1.0,0.0,0.0,4.0,5.0,4.0,1.0,6.0,7.0,4.0,2.0,0.0,0.0,0.0,0.0,1.0,1.0,0.0
2019-05-12,0.0,0.0,0.0,2.0,0.0,0.0,1.0,9.0,8.0,7.0,4.0,5.0,0.0,0.0,4.0,2.0,3.0,3.0,1.0,1.0,0.0
2019-05-13,0.0,0.0,4.0,5.0,6.0,40.0,42.0,40.0,43.0,42.0,43.0,44.0,40.0,37.0,34.0,30.0,29.0,33.0,29.0,28.0,28.0
2019-05-14,0.0,0.0,5.0,8.0,5.0,2.0,2.0,0.0,4.0,5.0,11.0,11.0,1.0,1.0,0.0,0.0,1.0,,,,0.0
2019-05-15,1.0,0.0,5.0,5.0,6.0,3.0,1.0,2.0,10.0,9.0,10.0,14.0,1.0,6.0,0.0,0.0,2.0,2.0,0.0,0.0,0.0
2019-05-16,,,1.0,1.0,3.0,2.0,0.0,9.0,7.0,5.0,8.0,11.0,0.0,2.0,0.0,0.0,0.0,2.0,,,0.0
2019-05-17,,,,,,0.0,0.0,,0.0,0.0,,0.0,0.0,0.0,0.0,,,,,,0.0
2019-05-18,,,,,2.0,0.0,1.0,0.0,1.0,1.0,4.0,5.0,0.0,1.0,0.0,0.0,1.0,0.0,1.0,2.0,0.0
2019-05-19,0.0,0.0,0.0,0.0,0.0,,,0.0,7.0,,0.0,8.0,1.0,3.0,2.0,0.0,4.0,,,,0.0
2019-05-20,1.0,0.0,0.0,1.0,0.0,0.0,2.0,0.0,3.0,3.0,2.0,3.0,0.0,1.0,0.0,1.0,3.0,,1.0,3.0,2.0
2019-05-21,13.0,10.0,8.0,8.0,6.0,3.0,13.0,12.0,15.0,13.0,14.0,15.0,4.0,14.0,43.0,39.0,37.0,45.0,41.0,43.0,43.0
2019-05-22,,,,1.0,1.0,0.0,0.0,0.0,3.0,1.0,6.0,4.0,5.0,6.0,4.0,1.0,4.0,2.0,0.0,0.0,0.0
2019-05-23,,,,,,,,,4.0,1.0,6.0,4.0,0.0,3.0,0.0,0.0,1.0,0.0,,,
2019-05-24,,,,,,1.0,0.0,14.0,16.0,13.0,12.0,14.0,7.0,1.0,1.0,2.0,5.0,7.0,9.0,8.0,10.0
2019-05-25,0.0,0.0,0.0,0.0,0.0,0.0,0.0,2.0,0.0,0.0,3.0,3.0,1.0,1.0,0.0,0.0,,,,,0.0
2019-05-26,2.0,0.0,1.0,1.0,0.0,0.0,0.0,2.0,0.0,3.0,3.0,6.0,0.0,0.0,0.0,1.0,2.0,,,,0.0
2019-05-27,0.0,1.0,2.0,2.0,0.0,0.0,1.0,1.0,2.0,,,0.0,1.0,0.0,3.0,2.0,1.0,,,,0.0
2019-05-28,1.0,1.0,1.0,1.0,2.0,0.0,1.0,0.0,8.0,4.0,6.0,5.0,3.0,7.0,0.0,0.0,5.0,,,,0.0
2019-05-29,0.0,,,,,,1.0,0.0,7.0,2.0,8.0,7.0,0.0,4.0,0.0,0.0,3.0,4.0,,,
2019-05-30,,,,,2.0,1.0,1.0,8.0,6.0,3.0,5.0,4.0,0.0,4.0,2.0,1.0,3.0,,,,
2019-05-31,0.0,0.0,1.0,0.0,1.0,0.0,0.0,0.0,0.0,0.0,,0.0,0.0,0.0,0.0,1.0,2.0,3.0,0.0,0.0,0.0
2019-06-01,1.0,0.0,0.0,0.0,0.0,0.0,0.0,0.0,3.0,2.0,2.0,3.0,0.0,5.0,5.0,4.0,6.0,4.0,0.0,,0.0
2019-06-02,,,,0.0,0.0,0.0,1.0,8.0,9.0,5.0,5.0,8.0,0.0,4.0,5.0,2.0,4.0,4.0,1.0,1.0,0.0
2019-06-03,2.0,0.0,6.0,5.0,3.0,1.0,2.0,6.0,7.0,4.0,17.0,17.0,17.0,29.0,29.0,29.0,32.0,31.0,28.0,,0.0
2019-06-04,,,0.0,2.0,0.0,1.0,1.0,2.0,1.0,2.0,3.0,3.0,1.0,11.0,7.0,0.0,4.0,17.0,15.0,14.0,13.0
2019-06-05,,0.0,0.0,3.0,2.0,1.0,3.0,1.0,1.0,2.0,10.0,11.0,4.0,7.0,0.0,0.0,1.0,,,,0.0
2019-06-06,2.0,0.0,0.0,0.0,0.0,0.0,13.0,20.0,23.0,20.0,25.0,24.0,10.0,7.0,0.0,0.0,11.0,10.0,7.0,5.0,5.0
2019-06-07,,,,,,0.0,1.0,0.0,3.0,2.0,3.0,3.0,1.0,1.0,0.0,0.0,1.0,6.0,,,
2019-06-08,0.0,,,,,0.0,0.0,0.0,0.0,1.0,2.0,1.0,2.0,5.0,3.0,1.0,3.0,13.0,10.0,13.0,11.0
2019-06-09,0.0,0.0,0.0,1.0,0.0,1.0,1.0,0.0,0.0,0.0,6.0,11.0,7.0,3.0,1.0,0.0,0.0,0.0,,,0.0
2019-06-10,1.0,0.0,0.0,0.0,0.0,0.0,1.0,0.0,0.0,0.0,11.0,12.0,6.0,6.0,6.0,2.0,4.0,3.0,,,0.0
2019-06-11,0.0,0.0,3.0,5.0,4.0,3.0,2.0,0.0,1.0,2.0,6.0,13.0,15.0,3.0,0.0,0.0,2.0,,,,0.0
2019-06-12,2.0,0.0,1.0,0.0,0.0,0.0,0.0,0.0,2.0,2.0,14.0,27.0,16.0,15.0,8.0,16.0,14.0,,,,0.0
2019-06-13,1.0,0.0,0.0,0.0,0.0,0.0,0.0,0.0,1.0,3.0,5.0,5.0,1.0,1.0,1.0,1.0,2.0,4.0,,,0.0
2019-06-14,0.0,0.0,0.0,0.0,0.0,0.0,2.0,2.0,1.0,1.0,4.0,3.0,0.0,7.0,4.0,0.0,2.0,4.0,5.0,6.0,6.0
2019-06-15,,,,2.0,1.0,4.0,3.0,1.0,0.0,1.0,1.0,2.0,3.0,5.0,4.0,1.0,5.0,4.0,2.0,1.0,0.0
2019-06-16,0.0,0.0,0.0,0.0,0.0,0.0,1.0,0.0,0.0,2.0,9.0,13.0,4.0,1.0,4.0,3.0,5.0,,,,0.0
2019-06-17,0.0,0.0,1.0,1.0,0.0,1.0,2.0,0.0,4.0,4.0,7.0,6.0,0.0,0.0,0.0,0.0,,,,,0.0
2019-06-18,0.0,0.0,0.0,0.0,0.0,0.0,0.0,0.0,2.0,0.0,6.0,7.0,1.0,16.0,15.0,19.0,21.0,21.0,21.0,37.0,36.0
2019-06-19,,0.0,0.0,1.0,1.0,0.0,1.0,2.0,3.0,3.0,8.0,8.0,2.0,4.0,9.0,7.0,9.0,6.0,4.0,36.0,35.0
2019-06-20,1.0,0.0,0.0,1.0,3.0,0.0,0.0,1.0,0.0,3.0,3.0,3.0,1.0,3.0,7.0,4.0,3.0,6.0,3.0,1.0,0.0
2019-06-21,0.0,0.0,0.0,0.0,1.0,2.0,1.0,0.0,1.0,0.0,2.0,3.0,0.0,1.0,2.0,0.0,1.0,5.0,2.0,1.0,1.0
2019-06-22,1.0,0.0,0.0,1.0,1.0,,1.0,1.0,1.0,1.0,1.0,0.0,7.0,15.0,17.0,16.0,17.0,,,,0.0
2019-06-23,1.0,0.0,0.0,0.0,1.0,0.0,3.0,2.0,1.0,1.0,14.0,15.0,3.0,2.0,1.0,1.0,13.0,0.0,,,0.0
2019-06-24,4.0,5.0,4.0,2.0,0.0,0.0,11.0,11.0,13.0,10.0,15.0,14.0,8.0,10.0,12.0,9.0,12.0,18.0,,,0.0
2019-06-25,1.0,9.0,7.0,5.0,4.0,1.0,1.0,0.0,0.0,0.0,8.0,9.0,6.0,7.0,5.0,2.0,2.0,1.0,,,0.0
2019-06-26,1.0,0.0,0.0,0.0,1.0,0.0,1.0,1.0,1.0,4.0,8.0,9.0,3.0,24.0,22.0,22.0,20.0,15.0,10.0,7.0,6.0
2019-06-27,,,,,,,,1.0,1.0,1.0,3.0,3.0,3.0,12.0,3.0,1.0,1.0,4.0,,,
2019-06-28,0.0,0.0,0.0,6.0,4.0,,,1.0,1.0,1.0,19.0,26.0,18.0,18.0,19.0,22.0,29.0,30.0,33.0,36.0,35.0
2019-06-29,1.0,0.0,0.0,0.0,0.0,,,0.0,1.0,2.0,1.0,0.0,0.0,5.0,0.0,1.0,1.0,1.0,,,0.0
2019-06-30,4.0,1.0,1.0,0.0,1.0,,,0.0,17.0,16.0,18.0,21.0,21.0,5.0,3.0,4.0,4.0,,,,0.0
2019-07-01,14.0,12.0,11.0,11.0,9.0,7.0,13.0,12.0,12.0,10.0,10.0,16.0,6.0,7.0,4.0,5.0,5.0,8.0,7.0,7.0,10.0
2019-07-02,4.0,6.0,4.0,4.0,5.0,2.0,6.0,4.0,9.0,8.0,19.0,19.0,10.0,31.0,32.0,31.0,35.0,,,,0.0
2019-07-03,,,,,,,1.0,2.0,1.0,1.0,3.0,3.0,2.0,2.0,2.0,0.0,0.0,,,,
2019-07-04,1.0,0.0,1.0,1.0,1.0,0.0,2.0,2.0,1.0,1.0,5.0,5.0,0.0,4.0,2.0,,,,0.0,2.0,1.0
2019-07-05,1.0,1.0,1.0,2.0,0.0,1.0,5.0,3.0,4.0,6.0,11.0,11.0,2.0,2.0,4.0,2.0,4.0,,,,0.0
2019-07-06,0.0,0.0,2.0,5.0,3.0,2.0,4.0,4.0,6.0,3.0,2.0,1.0,2.0,1.0,4.0,1.0,2.0,14.0,9.0,7.0,6.0
2019-07-07,,,,,,,,,4.0,2.0,1.0,2.0,0.0,1.0,0.0,0.0,3.0,,,,
2019-07-08,0.0,0.0,1.0,1.0,1.0,0.0,1.0,0.0,10.0,,36.0,36.0,34.0,41.0,36.0,36.0,33.0,36.0,31.0,29.0,28.0
2019-07-09,,0.0,1.0,2.0,3.0,0.0,2.0,2.0,3.0,2.0,14.0,14.0,8.0,17.0,16.0,15.0,19.0,23.0,,,0.0
2019-07-10,1.0,1.0,0.0,0.0,0.0,0.0,1.0,3.0,11.0,1.0,19.0,20.0,9.0,4.0,30.0,36.0,42.0,52.0,49.0,50.0,50.0
2019-07-11,1.0,1.0,2.0,1.0,10.0,10.0,8.0,9.0,13.0,9.0,8.0,7.0,1.0,10.0,7.0,7.0,10.0,14.0,19.0,19.0,17.0
2019-07-12,6.0,3.0,2.0,1.0,6.0,4.0,1.0,1.0,2.0,2.0,2.0,5.0,1.0,1.0,5.0,4.0,4.0,4.0,1.0,3.0,2.0
2019-07-13,1.0,,,0.0,1.0,0.0,1.0,0.0,6.0,3.0,2.0,1.0,1.0,15.0,14.0,12.0,14.0,20.0,21.0,20.0,20.0
2019-07-14,,,,0.0,0.0,0.0,4.0,4.0,15.0,12.0,19.0,23.0,23.0,10.0,4.0,3.0,2.0,18.0,12.0,13.0,13.0
2019-07-15,,,,1.0,0.0,0.0,0.0,0.0,9.0,4.0,5.0,3.0,0.0,1.0,0.0,9.0,15.0,,,,
2019-07-16,0.0,,,0.0,0.0,0.0,1.0,0.0,2.0,5.0,5.0,5.0,2.0,2.0,7.0,22.0,38.0,30.0,32.0,35.0,36.0
2019-07-17,,,,1.0,0.0,2.0,1.0,1.0,21.0,17.0,17.0,18.0,14.0,19.0,19.0,31.0,38.0,26.0,,,
2019-07-18,,,,,0.0,4.0,0.0,1.0,11.0,13.0,20.0,24.0,19.0,11.0,17.0,20.0,20.0,,,,
2019-07-19,,,,,,,0.0,3.0,7.0,1.0,4.0,9.0,7.0,10.0,11.0,12.0,14.0,,,,
2019-07-20,0.0,,,0.0,0.0,0.0,0.0,6.0,8.0,13.0,16.0,15.0,10.0,4.0,5.0,10.0,12.0,,,,
2019-07-21,,,,0.0,0.0,0.0,0.0,0.0,1.0,1.0,0.0,1.0,0.0,1.0,0.0,,0.0,1.0,0.0,0.0,0.0
2019-07-22,0.0,,,7.0,2.0,0.0,0.0,0.0,8.0,3.0,9.0,11.0,4.0,2.0,0.0,16.0,17.0,5.0,1.0,0.0,0.0
2019-07-23,2.0,,,0.0,1.0,0.0,1.0,1.0,11.0,3.0,14.0,14.0,15.0,15.0,7.0,7.0,6.0,,,,
2019-07-24,0.0,,,0.0,1.0,0.0,0.0,0.0,6.0,3.0,4.0,7.0,5.0,17.0,12.0,7.0,7.0,1.0,1.0,0.0,0.0
2019-07-25,0.0,,,0.0,0.0,28.0,24.0,25.0,27.0,24.0,26.0,24.0,18.0,9.0,11.0,28.0,26.0,,,,0.0
2019-07-26,0.0,,,30.0,20.0,14.0,11.0,1.0,3.0,2.0,6.0,5.0,7.0,1.0,1.0,3.0,4.0,2.0,0.0,1.0,0.0
2019-07-27,0.0,,,0.0,0.0,6.0,8.0,5.0,5.0,2.0,6.0,6.0,0.0,5.0,0.0,2.0,4.0,1.0,0.0,1.0,0.0
2019-07-28,,,,,,,0.0,0.0,0.0,0.0,9.0,13.0,5.0,35.0,39.0,37.0,34.0,,31.0,29.0,28.0
2019-07-29,0.0,,,0.0,0.0,0.0,1.0,0.0,6.0,5.0,6.0,7.0,1.0,2.0,1.0,0.0,2.0,0.0,,,0.0
2019-07-30,0.0,,,5.0,2.0,1.0,3.0,1.0,3.0,3.0,7.0,8.0,3.0,1.0,0.0,0.0,0.0,,,,0.0
2019-07-31,2.0,,,1.0,0.0,0.0,2.0,2.0,2.0,2.0,13.0,12.0,2.0,1.0,2.0,0.0,,,,,0.0
2019-08-01,9.0,,,0.0,0.0,3.0,3.0,3.0,2.0,0.0,2.0,1.0,1.0,3.0,2.0,9.0,9.0,,3.0,4.0,3.0
2019-08-02,2.0,,,6.0,3.0,2.0,1.0,1.0,4.0,3.0,7.0,5.0,0.0,1.0,1.0,0.0,1.0,1.0,1.0,1.0,0.0
2019-08-03,0.0,,,0.0,1.0,1.0,1.0,0.0,0.0,0.0,1.0,0.0,0.0,4.0,0.0,0.0,0.0,,,,0.0
2019-08-04,0.0,,,0.0,0.0,0.0,0.0,0.0,0.0,1.0,2.0,3.0,0.0,1.0,1.0,0.0,,,0.0,1.0,0.0
2019-08-05,1.0,,,1.0,3.0,1.0,1.0,0.0,0.0,1.0,2.0,0.0,0.0,3.0,4.0,2.0,3.0,1.0,1.0,1.0,1.0
2019-08-06,0.0,,,4.0,2.0,7.0,6.0,4.0,4.0,3.0,2.0,1.0,0.0,3.0,1.0,1.0,2.0,3.0,0.0,2.0,2.0
2019-08-07,0.0,,,1.0,0.0,0.0,0.0,0.0,0.0,2.0,10.0,9.0,2.0,9.0,5.0,6.0,7.0,4.0,2.0,3.0,1.0
2019-08-08,0.0,,,0.0,1.0,0.0,1.0,0.0,5.0,2.0,2.0,1.0,2.0,1.0,0.0,0.0,2.0,4.0,1.0,1.0,0.0
2019-08-09,20.0,,,15.0,14.0,12.0,11.0,9.0,7.0,4.0,7.0,6.0,0.0,2.0,2.0,0.0,4.0,3.0,0.0,1.0,1.0
2019-08-10,1.0,,,0.0,0.0,0.0,3.0,0.0,2.0,1.0,4.0,4.0,0.0,,8.0,9.0,16.0,14.0,,,0.0
2019-08-11,4.0,,,0.0,1.0,0.0,1.0,0.0,6.0,2.0,4.0,4.0,0.0,4.0,5.0,2.0,3.0,2.0,1.0,1.0,0.0
2019-08-12,3.0,,,5.0,2.0,0.0,1.0,0.0,3.0,2.0,2.0,2.0,1.0,2.0,1.0,2.0,3.0,1.0,0.0,1.0,0.0
2019-08-13,3.0,,,0.0,1.0,0.0,2.0,0.0,2.0,2.0,10.0,10.0,3.0,1.0,0.0,1.0,1.0,,,,0.0
2019-08-14,,,,0.0,0.0,0.0,1.0,0.0,2.0,0.0,8.0,12.0,2.0,2.0,0.0,1.0,7.0,4.0,,,0.0
2019-08-15,0.0,,,0.0,0.0,0.0,3.0,3.0,3.0,0.0,8.0,12.0,2.0,6.0,6.0,7.0,31.0,33.0,34.0,33.0,33.0
2019-08-16,0.0,,,0.0,0.0,0.0,3.0,1.0,1.0,2.0,6.0,5.0,1.0,1.0,1.0,6.0,5.0,,,,0.0
2019-08-17,0.0,,,0.0,1.0,0.0,1.0,0.0,0.0,1.0,7.0,10.0,0.0,0.0,1.0,2.0,5.0,15.0,15.0,19.0,18.0
2019-08-18,1.0,,,1.0,1.0,0.0,1.0,0.0,1.0,2.0,14.0,17.0,11.0,7.0,7.0,4.0,6.0,17.0,16.0,16.0,16.0
2019-08-19,1.0,,,1.0,0.0,0.0,1.0,2.0,1.0,3.0,8.0,8.0,33.0,29.0,27.0,24.0,22.0,22.0,,24.0,24.0
2019-08-20,0.0,,,0.0,0.0,3.0,4.0,3.0,3.0,3.0,6.0,3.0,29.0,27.0,21.0,58.0,56.0,53.0,,,0.0
2019-08-21,0.0,,,1.0,0.0,0.0,8.0,7.0,5.0,3.0,4.0,5.0,0.0,1.0,2.0,0.0,1.0,5.0,0.0,1.0,0.0
2019-08-22,1.0,,,0.0,0.0,0.0,0.0,1.0,3.0,1.0,3.0,5.0,0.0,3.0,4.0,9.0,10.0,,,,0.0
2019-08-23,3.0,,,0.0,0.0,0.0,2.0,0.0,2.0,23.0,22.0,27.0,18.0,,26.0,25.0,28.0,27.0,22.0,20.0,18.0
2019-08-24,2.0,,,2.0,1.0,0.0,0.0,0.0,0.0,1.0,3.0,4.0,0.0,,0.0,0.0,0.0,19.0,19.0,47.0,48.0
2019-08-25,0.0,,,2.0,0.0,0.0,0.0,1.0,90.0,81.0,81.0,,,,,,,,0.0,0.0,46.0
2019-08-26,0.0,,,0.0,1.0,1.0,1.0,0.0,1.0,1.0,9.0,16.0,5.0,,0.0,0.0,1.0,1.0,0.0,0.0,0.0
2019-08-27,1.0,0.0,0.0,1.0,1.0,0.0,1.0,0.0,2.0,2.0,9.0,9.0,9.0,4.0,1.0,0.0,2.0,0.0,0.0,1.0,0.0
2019-08-28,1.0,0.0,1.0,0.0,0.0,0.0,6.0,6.0,5.0,5.0,3.0,2.0,0.0,4.0,0.0,0.0,0.0,4.0,3.0,4.0,3.0
2019-08-29,1.0,1.0,1.0,0.0,0.0,2.0,1.0,0.0,3.0,2.0,5.0,4.0,2.0,11.0,17.0,16.0,20.0,70.0,66.0,63.0,62.0
2019-08-30,14.0,12.0,12.0,14.0,13.0,12.0,14.0,11.0,13.0,8.0,8.0,5.0,7.0,4.0,6.0,3.0,4.0,1.0,0.0,3.0,2.0
2019-08-31,0.0,0.0,0.0,0.0,0.0,0.0,1.0,1.0,0.0,3.0,16.0,16.0,6.0,4.0,20.0,54.0,68.0,77.0,,,0.0
2019-09-01,1.0,0.0,1.0,0.0,0.0,0.0,1.0,0.0,0.0,7.0,11.0,17.0,10.0,6.0,5.0,,,,1.0,1.0,0.0
2019-09-02,0.0,0.0,0.0,2.0,1.0,0.0,2.0,3.0,6.0,8.0,11.0,11.0,1.0,0.0,3.0,2.0,2.0,,0.0,1.0,0.0
2019-09-03,1.0,0.0,0.0,0.0,1.0,0.0,1.0,0.0,3.0,2.0,5.0,4.0,0.0,1.0,3.0,3.0,9.0,11.0,7.0,5.0,5.0
2019-09-04,2.0,2.0,2.0,4.0,4.0,1.0,1.0,0.0,1.0,3.0,5.0,3.0,0.0,0.0,2.0,5.0,6.0,8.0,3.0,1.0,0.0
2019-09-05,3.0,2.0,2.0,2.0,2.0,2.0,0.0,1.0,2.0,0.0,5.0,4.0,0.0,3.0,0.0,,,,,,0.0
2019-09-06,1.0,0.0,0.0,1.0,0.0,1.0,2.0,1.0,2.0,4.0,10.0,14.0,12.0,2.0,1.0,0.0,2.0,2.0,,,0.0
2019-09-07,1.0,0.0,0.0,0.0,1.0,0.0,1.0,2.0,2.0,3.0,7.0,8.0,1.0,2.0,0.0,0.0,,,,,0.0
2019-09-08,1.0,0.0,0.0,0.0,1.0,0.0,0.0,50.0,47.0,46.0,47.0,,,,,,,42.0,39.0,37.0,35.0
2019-09-09,1.0,0.0,0.0,1.0,0.0,8.0,10.0,10.0,13.0,9.0,14.0,14.0,4.0,0.0,4.0,1.0,2.0,,,,0.0
2019-09-10,1.0,0.0,0.0,0.0,0.0,5.0,1.0,0.0,2.0,4.0,9.0,8.0,2.0,0.0,0.0,0.0,0.0,,,,0.0
2019-09-11,0.0,0.0,1.0,1.0,1.0,0.0,1.0,1.0,2.0,3.0,16.0,18.0,6.0,0.0,3.0,4.0,5.0,1.0,0.0,1.0,0.0
2019-09-12,1.0,2.0,3.0,1.0,10.0,5.0,3.0,2.0,0.0,3.0,4.0,5.0,1.0,0.0,2.0,1.0,3.0,3.0,1.0,1.0,0.0
2019-09-13,1.0,1.0,1.0,0.0,0.0,1.0,1.0,0.0,6.0,5.0,4.0,3.0,4.0,0.0,1.0,0.0,3.0,1.0,0.0,4.0,4.0
2019-09-14,0.0,,,,,0.0,1.0,0.0,0.0,8.0,2.0,0.0,3.0,0.0,0.0,0.0,0.0,,,,0.0
2019-09-15,0.0,0.0,0.0,1.0,2.0,0.0,1.0,0.0,0.0,3.0,3.0,1.0,5.0,0.0,0.0,1.0,3.0,1.0,,,0.0
2019-09-16,10.0,0.0,0.0,34.0,33.0,31.0,26.0,21.0,10.0,8.0,12.0,8.0,3.0,0.0,1.0,0.0,4.0,1.0,0.0,1.0,0.0
2019-09-17,0.0,1.0,0.0,0.0,0.0,0.0,0.0,0.0,1.0,1.0,10.0,3.0,0.0,0.0,0.0,1.0,4.0,2.0,1.0,2.0,1.0
2019-09-18,1.0,0.0,0.0,0.0,0.0,1.0,1.0,0.0,0.0,0.0,2.0,1.0,0.0,0.0,0.0,0.0,3.0,1.0,0.0,0.0,0.0
2019-09-19,1.0,7.0,5.0,1.0,0.0,0.0,0.0,0.0,4.0,5.0,4.0,1.0,1.0,0.0,0.0,0.0,2.0,5.0,0.0,0.0,0.0
2019-09-20,1.0,0.0,0.0,0.0,0.0,1.0,0.0,0.0,0.0,0.0,3.0,2.0,11.0,10.0,0.0,0.0,3.0,,,,0.0
2019-09-21,1.0,1.0,0.0,0.0,0.0,0.0,0.0,1.0,2.0,3.0,1.0,1.0,2.0,6.0,0.0,1.0,1.0,0.0,,,0.0
2019-09-22,1.0,1.0,0.0,0.0,0.0,0.0,1.0,0.0,0.0,5.0,11.0,4.0,4.0,0.0,4.0,2.0,4.0,,,,0.0
2019-09-23,0.0,0.0,0.0,0.0,0.0,0.0,15.0,13.0,22.0,20.0,24.0,14.0,6.0,0.0,1.0,1.0,4.0,0.0,0.0,1.0,0.0
2019-09-24,1.0,0.0,0.0,0.0,0.0,0.0,7.0,12.0,5.0,1.0,10.0,5.0,5.0,30.0,4.0,1.0,1.0,1.0,0.0,4.0,3.0
2019-09-25,0.0,0.0,1.0,0.0,0.0,1.0,9.0,12.0,3.0,2.0,4.0,3.0,5.0,0.0,0.0,0.0,0.0,1.0,0.0,0.0,0.0
2019-09-26,0.0,3.0,5.0,4.0,0.0,0.0,8.0,6.0,4.0,0.0,3.0,2.0,0.0,0.0,0.0,0.0,3.0,,,1.0,0.0
2019-09-27,0.0,3.0,2.0,0.0,0.0,0.0,2.0,5.0,3.0,1.0,5.0,2.0,0.0,0.0,0.0,1.0,2.0,,,,0.0
2019-09-28,1.0,2.0,0.0,2.0,2.0,0.0,0.0,0.0,1.0,1.0,2.0,0.0,2.0,0.0,0.0,1.0,2.0,1.0,0.0,0.0,0.0
2019-09-29,0.0,4.0,2.0,1.0,1.0,1.0,1.0,87.0,89.0,90.0,91.0,,,,,,,,,,0.0
2019-09-30,11.0,17.0,15.0,12.0,5.0,12.0,12.0,33.0,30.0,26.0,36.0,29.0,13.0,2.0,0.0,0.0,2.0,0.0,0.0,2.0,5.0
2019-10-01,0.0,3.0,1.0,0.0,0.0,0.0,4.0,4.0,3.0,1.0,2.0,1.0,1.0,1.0,0.0,0.0,,11.0,12.0,11.0,10.0
2019-10-02,0.0,1.0,2.0,0.0,0.0,0.0,1.0,3.0,6.0,2.0,7.0,3.0,3.0,14.0,14.0,3.0,5.0,3.0,,,0.0
2019-10-03,1.0,0.0,2.0,0.0,0.0,0.0,0.0,0.0,3.0,7.0,11.0,3.0,5.0,66.0,58.0,56.0,59.0,53.0,54.0,,0.0
2019-10-04,1.0,0.0,1.0,0.0,0.0,0.0,0.0,6.0,3.0,0.0,2.0,5.0,3.0,0.0,0.0,0.0,,,,,0.0
2019-10-05,0.0,0.0,0.0,0.0,0.0,,,3.0,1.0,0.0,8.0,9.0,7.0,25.0,24.0,21.0,23.0,20.0,20.0,19.0,18.0
2019-10-06,0.0,0.0,0.0,2.0,1.0,,,0.0,0.0,1.0,3.0,6.0,0.0,2.0,3.0,1.0,2.0,,,,0.0
2019-10-07,0.0,0.0,0.0,0.0,0.0,3.0,2.0,2.0,1.0,4.0,12.0,10.0,7.0,0.0,3.0,2.0,3.0,5.0,0.0,0.0,0.0
2019-10-08,1.0,45.0,,,,,,,,,,,,,,,,14.0,,,0.0
2019-10-09,5.0,7.0,4.0,0.0,0.0,0.0,1.0,0.0,6.0,11.0,15.0,17.0,9.0,7.0,3.0,1.0,4.0,13.0,10.0,12.0,12.0
2019-10-10,1.0,0.0,0.0,0.0,0.0,1.0,1.0,0.0,2.0,15.0,16.0,14.0,4.0,1.0,2.0,0.0,0.0,2.0,,,0.0
2019-10-11,1.0,0.0,0.0,0.0,2.0,5.0,1.0,1.0,2.0,2.0,5.0,6.0,0.0,1.0,2.0,3.0,3.0,,,,0.0
2019-10-12,60.0,58.0,54.0,50.0,47.0,49.0,53.0,64.0,63.0,63.0,64.0,65.0,64.0,68.0,69.0,68.0,70.0,75.0,71.0,71.0,70.0
2019-10-13,0.0,0.0,0.0,0.0,1.0,2.0,4.0,0.0,0.0,3.0,6.0,6.0,2.0,0.0,3.0,1.0,3.0,,,,0.0
2019-10-14,0.0,2.0,0.0,0.0,0.0,0.0,0.0,0.0,2.0,3.0,27.0,29.0,17.0,13.0,5.0,3.0,2.0,1.0,,,0.0
2019-10-15,1.0,0.0,0.0,1.0,0.0,3.0,1.0,0.0,2.0,4.0,8.0,12.0,4.0,0.0,0.0,0.0,2.0,4.0,0.0,1.0,0.0
2019-10-16,4.0,2.0,0.0,0.0,0.0,1.0,2.0,4.0,7.0,4.0,11.0,14.0,11.0,8.0,6.0,2.0,2.0,5.0,1.0,1.0,0.0
2019-10-17,1.0,0.0,0.0,0.0,0.0,1.0,0.0,1.0,2.0,0.0,4.0,4.0,1.0,0.0,0.0,0.0,0.0,,,,0.0
2019-10-18,1.0,0.0,0.0,0.0,0.0,0.0,3.0,2.0,8.0,4.0,4.0,7.0,1.0,1.0,3.0,2.0,2.0,1.0,1.0,1.0,0.0
2019-10-19,0.0,1.0,20.0,,74.0,81.0,87.0,77.0,74.0,67.0,67.0,,54.0,54.0,52.0,52.0,56.0,56.0,51.0,49.0,48.0
2019-10-20,0.0,,,,,21.0,24.0,11.0,14.0,6.0,9.0,,1.0,0.0,0.0,0.0,3.0,4.0,1.0,1.0,0.0
2019-10-21,0.0,0.0,0.0,0.0,0.0,2.0,2.0,1.0,1.0,2.0,4.0,4.0,0.0,5.0,4.0,1.0,0.0,0.0,0.0,1.0,0.0
2019-10-22,0.0,0.0,0.0,1.0,0.0,0.0,9.0,6.0,11.0,9.0,5.0,13.0,1.0,1.0,0.0,0.0,3.0,2.0,3.0,5.0,4.0
2019-10-23,1.0,0.0,0.0,0.0,1.0,0.0,9.0,10.0,16.0,14.0,16.0,14.0,12.0,10.0,5.0,2.0,7.0,43.0,44.0,46.0,47.0
2019-10-24,7.0,7.0,3.0,1.0,0.0,2.0,0.0,0.0,3.0,4.0,7.0,11.0,4.0,5.0,0.0,0.0,2.0,,,,0.0
2019-10-25,0.0,0.0,0.0,0.0,0.0,3.0,,17.0,19.0,16.0,16.0,21.0,11.0,5.0,6.0,3.0,2.0,0.0,0.0,,4.0
2019-10-26,4.0,3.0,2.0,0.0,2.0,1.0,1.0,1.0,2.0,,,,0.0,8.0,35.0,31.0,32.0,27.0,22.0,19.0,0.0
2019-10-27,1.0,0.0,0.0,0.0,1.0,2.0,2.0,2.0,0.0,,10.0,13.0,8.0,4.0,25.0,22.0,24.0,18.0,13.0,10.0,9.0
2019-10-28,0.0,0.0,1.0,4.0,5.0,4.0,4.0,2.0,9.0,,11.0,10.0,11.0,2.0,0.0,0.0,5.0,4.0,0.0,2.0,0.0
2019-10-29,2.0,2.0,1.0,1.0,1.0,0.0,4.0,4.0,3.0,,10.0,8.0,2.0,0.0,1.0,1.0,4.0,2.0,1.0,4.0,3.0
2019-10-30,1.0,0.0,1.0,1.0,0.0,0.0,1.0,0.0,3.0,,3.0,2.0,0.0,0.0,1.0,0.0,3.0,2.0,0.0,1.0,0.0
2019-10-31,9.0,7.0,3.0,1.0,2.0,1.0,1.0,1.0,4.0,,15.0,17.0,7.0,4.0,10.0,6.0,5.0,3.0,,,0.0
2019-11-01,0.0,0.0,0.0,0.0,0.0,0.0,0.0,0.0,1.0,,2.0,1.0,3.0,2.0,0.0,1.0,4.0,1.0,,,0.0
2019-11-02,,,,,,,,,,,,,,,0.0,0.0,0.0,,,,
2019-11-03,,,,,,,,,,,,,,,0.0,0.0,0.0,0.0,0.0,1.0,0.0
2019-11-04,1.0,0.0,0.0,0.0,1.0,0.0,0.0,1.0,5.0,,4.0,3.0,1.0,1.0,6.0,7.0,6.0,2.0,0.0,5.0,4.0
2019-11-05,1.0,0.0,10.0,9.0,8.0,5.0,5.0,3.0,5.0,,10.0,9.0,9.0,5.0,3.0,0.0,0.0,,,,0.0
2019-11-06,1.0,0.0,0.0,0.0,0.0,1.0,1.0,0.0,4.0,,14.0,16.0,8.0,5.0,2.0,1.0,1.0,1.0,0.0,1.0,0.0
2019-11-07,0.0,0.0,0.0,0.0,0.0,0.0,1.0,2.0,3.0,,7.0,8.0,5.0,2.0,6.0,6.0,7.0,3.0,0.0,1.0,0.0
2019-11-08,1.0,0.0,2.0,1.0,0.0,1.0,,24.0,21.0,,24.0,31.0,25.0,26.0,31.0,29.0,36.0,43.0,39.0,56.0,55.0
2019-11-09,1.0,0.0,1.0,1.0,2.0,6.0,8.0,6.0,1.0,,12.0,9.0,4.0,1.0,11.0,10.0,6.0,,,,0.0
2019-11-10,1.0,0.0,2.0,2.0,5.0,4.0,5.0,3.0,6.0,,2.0,3.0,0.0,19.0,19.0,18.0,20.0,17.0,,,0.0
2019-11-11,0.0,0.0,1.0,2.0,3.0,2.0,4.0,8.0,30.0,,25.0,,,,,,,8.0,3.0,0.0,0.0
2019-11-12,1.0,1.0,2.0,2.0,2.0,0.0,3.0,0.0,0.0,,2.0,3.0,2.0,2.0,4.0,3.0,5.0,5.0,2.0,1.0,0.0
2019-11-13,0.0,0.0,0.0,0.0,0.0,0.0,1.0,0.0,4.0,,5.0,5.0,0.0,0.0,3.0,2.0,4.0,,,,0.0
2019-11-14,0.0,3.0,2.0,2.0,1.0,0.0,4.0,1.0,2.0,,2.0,5.0,2.0,10.0,7.0,5.0,7.0,7.0,2.0,1.0,0.0
2019-11-15,1.0,1.0,1.0,1.0,0.0,0.0,2.0,4.0,3.0,,6.0,5.0,3.0,1.0,0.0,0.0,2.0,2.0,0.0,1.0,1.0
2019-11-16,2.0,2.0,1.0,2.0,1.0,0.0,2.0,1.0,1.0,,3.0,2.0,0.0,0.0,0.0,0.0,1.0,0.0,,,0.0
2019-11-17,1.0,0.0,0.0,0.0,0.0,0.0,1.0,1.0,1.0,,0.0,1.0,0.0,0.0,6.0,5.0,7.0,5.0,,3.0,2.0
2019-11-18,0.0,4.0,3.0,3.0,3.0,0.0,2.0,0.0,1.0,,10.0,12.0,7.0,7.0,4.0,4.0,6.0,4.0,1.0,1.0,0.0
2019-11-19,0.0,4.0,2.0,3.0,1.0,0.0,3.0,13.0,18.0,,15.0,26.0,17.0,18.0,11.0,11.0,13.0,17.0,11.0,11.0,9.0
2019-11-20,1.0,2.0,0.0,0.0,1.0,0.0,3.0,2.0,0.0,,6.0,8.0,1.0,1.0,2.0,1.0,7.0,7.0,2.0,1.0,0.0
2019-11-21,0.0,2.0,2.0,0.0,0.0,1.0,2.0,2.0,3.0,,20.0,21.0,16.0,8.0,6.0,6.0,19.0,25.0,20.0,18.0,17.0
2019-11-22,1.0,1.0,1.0,0.0,0.0,3.0,24.0,22.0,23.0,,27.0,26.0,14.0,8.0,3.0,2.0,2.0,1.0,0.0,2.0,1.0
2019-11-23,1.0,0.0,1.0,0.0,1.0,1.0,1.0,0.0,0.0,,1.0,1.0,8.0,4.0,5.0,2.0,1.0,1.0,1.0,1.0,0.0
2019-11-24,1.0,0.0,0.0,0.0,0.0,0.0,1.0,0.0,1.0,,4.0,6.0,7.0,4.0,2.0,2.0,5.0,4.0,4.0,5.0,4.0
2019-11-25,0.0,0.0,0.0,2.0,1.0,1.0,0.0,0.0,3.0,,14.0,14.0,7.0,11.0,4.0,2.0,1.0,3.0,21.0,19.0,18.0
2019-11-26,1.0,0.0,0.0,2.0,1.0,0.0,1.0,0.0,6.0,,3.0,3.0,2.0,1.0,8.0,7.0,9.0,8.0,3.0,1.0,0.0
2019-11-27,1.0,0.0,0.0,0.0,1.0,0.0,1.0,3.0,6.0,,3.0,4.0,2.0,9.0,12.0,9.0,9.0,6.0,4.0,6.0,5.0
2019-11-28,1.0,0.0,0.0,3.0,4.0,4.0,3.0,2.0,12.0,,9.0,10.0,3.0,1.0,0.0,2.0,1.0,1.0,0.0,,0.0
2019-11-29,1.0,0.0,0.0,1.0,1.0,0.0,1.0,8.0,7.0,,8.0,7.0,7.0,7.0,20.0,21.0,26.0,24.0,21.0,19.0,18.0
2019-11-30,1.0,0.0,1.0,3.0,3.0,2.0,4.0,3.0,2.0,,1.0,1.0,2.0,7.0,2.0,,,,,,0.0
2019-12-01,1.0,0.0,0.0,0.0,3.0,1.0,1.0,0.0,0.0,,4.0,6.0,0.0,0.0,1.0,1.0,3.0,,,,0.0
2019-12-02,0.0,0.0,1.0,0.0,0.0,0.0,1.0,0.0,7.0,,10.0,11.0,4.0,5.0,0.0,,,,,,0.0
2019-12-03,1.0,0.0,1.0,0.0,0.0,0.0,1.0,0.0,0.0,,3.0,8.0,2.0,2.0,1.0,1.0,2.0,,,,0.0
2019-12-04,11.0,8.0,7.0,7.0,5.0,3.0,9.0,6.0,8.0,,7.0,5.0,3.0,1.0,0.0,0.0,1.0,1.0,1.0,1.0,2.0
2019-12-05,1.0,0.0,0.0,1.0,0.0,0.0,0.0,6.0,3.0,,11.0,10.0,10.0,11.0,6.0,2.0,6.0,1.0,,,0.0
2019-12-06,1.0,0.0,1.0,1.0,1.0,0.0,1.0,0.0,9.0,,3.0,1.0,1.0,9.0,6.0,2.0,,,,,0.0
2019-12-07,1.0,0.0,1.0,0.0,0.0,0.0,1.0,2.0,0.0,,2.0,3.0,1.0,12.0,9.0,7.0,13.0,12.0,14.0,14.0,14.0
2019-12-08,0.0,0.0,1.0,0.0,0.0,0.0,0.0,1.0,0.0,,7.0,8.0,0.0,3.0,4.0,2.0,2.0,,,,0.0
2019-12-09,0.0,0.0,0.0,0.0,0.0,1.0,1.0,20.0,38.0,,45.0,44.0,44.0,36.0,35.0,35.0,31.0,27.0,26.0,25.0,23.0
2019-12-10,1.0,0.0,0.0,0.0,0.0,0.0,1.0,0.0,4.0,,36.0,36.0,36.0,33.0,33.0,28.0,32.0,,,,0.0
2019-12-11,1.0,0.0,0.0,0.0,0.0,0.0,0.0,0.0,0.0,,7.0,8.0,4.0,4.0,0.0,0.0,3.0,6.0,4.0,5.0,5.0
2019-12-12,1.0,0.0,1.0,0.0,0.0,0.0,1.0,2.0,3.0,,1.0,3.0,1.0,3.0,1.0,0.0,4.0,2.0,4.0,10.0,9.0
2019-12-13,0.0,0.0,0.0,0.0,1.0,0.0,1.0,2.0,1.0,,1.0,5.0,1.0,6.0,1.0,3.0,2.0,0.0,0.0,1.0,0.0
2019-12-14,0.0,0.0,0.0,0.0,0.0,0.0,1.0,0.0,1.0,,3.0,6.0,2.0,3.0,6.0,3.0,4.0,2.0,,,0.0
2019-12-15,,,,,,,0.0,0.0,0.0,0.0,,0.0,0.0,0.0,0.0,0.0,0.0,,,,
2019-12-16,0.0,0.0,0.0,0.0,0.0,1.0,1.0,2.0,2.0,2.0,1.0,3.0,1.0,7.0,28.0,26.0,33.0,33.0,29.0,26.0,26.0
2019-12-17,0.0,1.0,1.0,0.0,0.0,0.0,1.0,3.0,1.0,1.0,5.0,5.0,4.0,10.0,7.0,7.0,3.0,0.0,,,1.0
2019-12-18,0.0,0.0,0.0,1.0,0.0,0.0,2.0,4.0,1.0,5.0,6.0,5.0,4.0,6.0,5.0,1.0,3.0,15.0,15.0,15.0,16.0
2019-12-19,0.0,0.0,0.0,0.0,0.0,0.0,1.0,15.0,16.0,14.0,16.0,18.0,7.0,8.0,4.0,4.0,4.0,2.0,0.0,1.0,3.0
2019-12-20,0.0,0.0,0.0,0.0,0.0,0.0,1.0,1.0,1.0,0.0,1.0,4.0,0.0,4.0,0.0,0.0,45.0,54.0,52.0,50.0,39.0
2019-12-21,3.0,,,5.0,3.0,2.0,3.0,0.0,0.0,0.0,2.0,2.0,0.0,8.0,8.0,6.0,7.0,7.0,3.0,3.0,0.0
2019-12-22,,0.0,0.0,0.0,,,,0.0,0.0,1.0,4.0,5.0,0.0,0.0,2.0,2.0,2.0,3.0,0.0,1.0,1.0
2019-12-23,0.0,0.0,0.0,0.0,0.0,2.0,5.0,3.0,4.0,15.0,19.0,25.0,14.0,9.0,7.0,5.0,10.0,11.0,10.0,10.0,4.0
2019-12-24,,1.0,1.0,,0.0,2.0,1.0,0.0,0.0,1.0,2.0,4.0,0.0,2.0,0.0,1.0,0.0,1.0,1.0,1.0,0.0
2019-12-25,,,,,,,,,,,0.0,1.0,0.0,0.0,0.0,0.0,0.0,0.0,0.0,,
2019-12-26,,,,,,,,,,,0.0,1.0,0.0,4.0,1.0,0.0,1.0,1.0,1.0,2.0,0.0
2019-12-27,0.0,1.0,1.0,0.0,0.0,0.0,2.0,1.0,1.0,3.0,,3.0,4.0,2.0,0.0,0.0,1.0,0.0,,,0.0
2019-12-28,0.0,1.0,1.0,1.0,1.0,0.0,1.0,0.0,13.0,,22.0,22.0,15.0,15.0,13.0,11.0,20.0,16.0,20.0,21.0,21.0
2019-12-29,0.0,0.0,0.0,0.0,1.0,0.0,0.0,0.0,0.0,0.0,1.0,6.0,1.0,1.0,2.0,0.0,2.0,0.0,0.0,1.0,0.0
2019-12-30,0.0,0.0,0.0,0.0,0.0,,1.0,1.0,2.0,1.0,2.0,2.0,0.0,0.0,1.0,0.0,3.0,4.0,3.0,4.0,2.0
2019-12-31,0.0,0.0,0.0,0.0,1.0,0.0,0.0,0.0,0.0,0.0,,0.0,0.0,0.0,,0.0,0.0,0.0,,,0.0
2020-01-01,,,,,,,,,,,0.0,1.0,1.0,0.0,1.0,0.0,5.0,2.0,0.0,1.0,0.0
2020-01-02,0.0,0.0,1.0,0.0,0.0,0.0,1.0,0.0,1.0,1.0,0.0,4.0,1.0,23.0,55.0,57.0,60.0,65.0,60.0,61.0,60.0
2020-01-03,0.0,0.0,0.0,0.0,1.0,1.0,1.0,0.0,1.0,2.0,4.0,8.0,0.0,2.0,4.0,3.0,5.0,3.0,3.0,0.0,0.0
2020-01-04,0.0,1.0,0.0,0.0,0.0,0.0,0.0,0.0,0.0,0.0,2.0,2.0,1.0,1.0,0.0,1.0,2.0,0.0,1.0,1.0,0.0
2020-01-05,0.0,,,0.0,0.0,0.0,0.0,0.0,2.0,1.0,5.0,7.0,0.0,0.0,1.0,0.0,2.0,1.0,4.0,5.0,4.0
2020-01-06,0.0,1.0,0.0,0.0,0.0,1.0,5.0,5.0,5.0,3.0,6.0,7.0,0.0,2.0,0.0,0.0,1.0,0.0,0.0,1.0,
2020-01-07,0.0,1.0,0.0,0.0,0.0,0.0,,0.0,0.0,15.0,19.0,25.0,12.0,6.0,6.0,2.0,2.0,0.0,0.0,1.0,0.0
2020-01-08,0.0,0.0,0.0,0.0,0.0,4.0,5.0,2.0,1.0,2.0,2.0,3.0,3.0,5.0,1.0,5.0,6.0,6.0,6.0,6.0,0.0
2020-01-09,0.0,0.0,1.0,0.0,0.0,0.0,4.0,2.0,2.0,3.0,2.0,4.0,13.0,8.0,3.0,1.0,0.0,,0.0,4.0,0.0
2020-01-10,0.0,0.0,1.0,2.0,2.0,2.0,1.0,4.0,2.0,8.0,8.0,10.0,10.0,6.0,3.0,1.0,3.0,2.0,,15.0,4.0
2020-01-11,0.0,0.0,0.0,0.0,0.0,0.0,0.0,0.0,0.0,1.0,3.0,3.0,2.0,2.0,0.0,1.0,4.0,1.0,0.0,5.0,4.0
2020-01-12,,,,,,0.0,0.0,,0.0,1.0,9.0,10.0,5.0,5.0,4.0,2.0,5.0,3.0,1.0,3.0,2.0
2020-01-13,,0.0,0.0,0.0,0.0,0.0,2.0,1.0,0.0,1.0,3.0,8.0,0.0,5.0,7.0,4.0,7.0,7.0,7.0,8.0,8.0
2020-01-14,0.0,1.0,,0.0,0.0,0.0,5.0,2.0,11.0,6.0,4.0,5.0,2.0,3.0,1.0,1.0,4.0,3.0,5.0,5.0,5.0
2020-01-15,0.0,0.0,0.0,,0.0,1.0,0.0,1.0,0.0,2.0,3.0,3.0,1.0,27.0,27.0,25.0,26.0,24.0,,,18.0
2020-01-16,0.0,0.0,0.0,0.0,0.0,0.0,1.0,0.0,1.0,2.0,3.0,4.0,0.0,7.0,5.0,5.0,9.0,7.0,8.0,9.0,9.0
2020-01-17,0.0,0.0,0.0,0.0,0.0,1.0,3.0,1.0,1.0,4.0,6.0,4.0,1.0,9.0,7.0,7.0,8.0,7.0,8.0,1.0,9.0
2020-01-18,0.0,0.0,0.0,,0.0,0.0,0.0,0.0,3.0,1.0,,0.0,1.0,2.0,6.0,3.0,9.0,13.0,,10.0,9.0
2020-01-19,0.0,0.0,0.0,0.0,0.0,0.0,0.0,0.0,0.0,3.0,2.0,3.0,0.0,1.0,2.0,0.0,2.0,1.0,,,0.0
2020-01-20,,0.0,0.0,0.0,0.0,1.0,1.0,0.0,24.0,23.0,22.0,19.0,10.0,8.0,6.0,2.0,4.0,4.0,0.0,3.0,0.0
2020-01-21,0.0,1.0,0.0,0.0,0.0,0.0,1.0,6.0,2.0,9.0,9.0,7.0,2.0,1.0,3.0,2.0,6.0,3.0,4.0,,4.0
2020-01-22,0.0,0.0,0.0,0.0,0.0,0.0,0.0,9.0,12.0,13.0,10.0,10.0,5.0,21.0,22.0,21.0,22.0,17.0,20.0,12.0,20.0
2020-01-23,0.0,0.0,0.0,0.0,0.0,2.0,2.0,2.0,0.0,1.0,1.0,4.0,0.0,1.0,0.0,0.0,13.0,13.0,12.0,11.0,
2020-01-24,0.0,0.0,0.0,0.0,0.0,0.0,2.0,1.0,2.0,0.0,1.0,3.0,1.0,0.0,1.0,2.0,11.0,9.0,7.0,5.0,3.0
2020-01-25,,1.0,,1.0,0.0,0.0,1.0,0.0,0.0,0.0,0.0,1.0,0.0,1.0,0.0,0.0,2.0,1.0,0.0,0.0,0.0
2020-01-26,,,,,,0.0,0.0,0.0,0.0,,,0.0,0.0,6.0,4.0,1.0,2.0,0.0,0.0,2.0,
2020-01-27,0.0,0.0,0.0,1.0,0.0,1.0,1.0,0.0,1.0,0.0,3.0,5.0,3.0,2.0,0.0,0.0,4.0,3.0,4.0,4.0,4.0
2020-01-28,2.0,2.0,0.0,0.0,1.0,0.0,0.0,1.0,3.0,15.0,16.0,13.0,3.0,8.0,5.0,,6.0,4.0,0.0,1.0,0.0
2020-01-29,0.0,2.0,1.0,1.0,0.0,0.0,0.0,0.0,1.0,0.0,5.0,6.0,1.0,2.0,2.0,0.0,1.0,1.0,0.0,1.0,0.0
2020-01-30,1.0,1.0,0.0,0.0,1.0,1.0,,,,,,,,,,,,,7.0,,0.0
2020-01-31,1.0,1.0,5.0,19.0,20.0,37.0,,,,,,,,,,,,,2.0,,0.0
2020-02-01,0.0,0.0,0.0,,0.0,0.0,1.0,0.0,0.0,2.0,3.0,3.0,9.0,7.0,5.0,9.0,8.0,9.0,3.0,4.0,3.0
2020-02-02,,,0.0,0.0,0.0,0.0,0.0,0.0,0.0,2.0,1.0,4.0,0.0,0.0,6.0,2.0,0.0,10.0,5.0,3.0,2.0
2020-02-03,2.0,2.0,0.0,0.0,0.0,1.0,2.0,6.0,3.0,2.0,7.0,6.0,0.0,5.0,0.0,3.0,5.0,5.0,4.0,4.0,4.0
2020-02-04,0.0,0.0,0.0,0.0,1.0,0.0,3.0,4.0,9.0,7.0,6.0,3.0,3.0,3.0,1.0,0.0,2.0,0.0,0.0,3.0,0.0
2020-02-05,0.0,0.0,0.0,0.0,0.0,1.0,1.0,1.0,13.0,17.0,17.0,18.0,5.0,6.0,1.0,0.0,0.0,1.0,0.0,0.0,0.0
2020-02-06,0.0,0.0,1.0,,0.0,2.0,1.0,2.0,1.0,3.0,4.0,3.0,1.0,2.0,2.0,0.0,3.0,13.0,7.0,6.0,5.0
2020-02-07,0.0,1.0,1.0,0.0,0.0,1.0,5.0,3.0,4.0,1.0,3.0,3.0,3.0,1.0,0.0,0.0,3.0,2.0,3.0,2.0,1.0
2020-02-08,0.0,0.0,0.0,2.0,1.0,4.0,2.0,0.0,0.0,0.0,1.0,4.0,2.0,3.0,7.0,4.0,6.0,4.0,1.0,1.0,0.0
2020-02-09,0.0,1.0,1.0,3.0,3.0,5.0,2.0,0.0,0.0,5.0,3.0,4.0,0.0,1.0,1.0,0.0,,,,,0.0
2020-02-10,0.0,,,,,,,,,,,,,,,,,,,,0.0
2020-02-11,0.0,0.0,0.0,3.0,3.0,3.0,9.0,8.0,7.0,5.0,6.0,6.0,7.0,12.0,9.0,6.0,6.0,4.0,4.0,5.0,5.0
2020-02-12,0.0,2.0,0.0,0.0,2.0,2.0,1.0,0.0,2.0,0.0,2.0,3.0,0.0,0.0,1.0,1.0,3.0,2.0,,3.0,
2020-02-13,0.0,1.0,1.0,1.0,0.0,6.0,8.0,6.0,10.0,14.0,15.0,16.0,10.0,7.0,4.0,2.0,6.0,10.0,4.0,1.0,2.0
2020-02-14,,19.0,18.0,18.0,17.0,22.0,21.0,21.0,20.0,20.0,21.0,23.0,20.0,22.0,22.0,20.0,22.0,19.0,14.0,21.0,12.0
2020-02-15,0.0,0.0,0.0,,0.0,5.0,2.0,0.0,0.0,,2.0,0.0,0.0,1.0,0.0,0.0,3.0,1.0,2.0,2.0,
2020-02-16,0.0,0.0,0.0,0.0,0.0,0.0,5.0,4.0,1.0,0.0,15.0,18.0,9.0,7.0,4.0,0.0,1.0,0.0,0.0,0.0,0.0
2020-02-17,0.0,1.0,1.0,0.0,0.0,1.0,5.0,6.0,7.0,5.0,7.0,8.0,7.0,6.0,5.0,4.0,5.0,4.0,4.0,4.0,4.0
2020-02-18,0.0,0.0,0.0,0.0,0.0,1.0,1.0,1.0,0.0,2.0,6.0,4.0,1.0,2.0,0.0,0.0,3.0,4.0,4.0,4.0,4.0
2020-02-19,0.0,0.0,0.0,2.0,0.0,1.0,2.0,2.0,5.0,3.0,3.0,8.0,0.0,1.0,2.0,2.0,10.0,8.0,8.0,8.0,8.0
2020-02-20,0.0,1.0,1.0,1.0,0.0,3.0,3.0,4.0,3.0,0.0,3.0,3.0,0.0,2.0,1.0,0.0,6.0,6.0,1.0,1.0,0.0
2020-02-21,0.0,0.0,0.0,0.0,0.0,0.0,0.0,0.0,1.0,2.0,4.0,6.0,7.0,3.0,3.0,1.0,10.0,9.0,5.0,4.0,3.0
2020-02-22,0.0,,,0.0,0.0,0.0,0.0,2.0,1.0,0.0,0.0,6.0,0.0,3.0,1.0,1.0,2.0,17.0,15.0,13.0,12.0
2020-02-23,,,,0.0,0.0,0.0,0.0,0.0,0.0,0.0,0.0,3.0,0.0,0.0,1.0,0.0,1.0,2.0,0.0,1.0,0.0
2020-02-24,0.0,0.0,0.0,0.0,0.0,0.0,32.0,31.0,30.0,30.0,30.0,29.0,22.0,20.0,17.0,15.0,18.0,18.0,13.0,18.0,10.0
2020-02-25,0.0,4.0,3.0,3.0,2.0,2.0,2.0,3.0,1.0,10.0,10.0,11.0,4.0,2.0,5.0,1.0,0.0,1.0,0.0,0.0,1.0
2020-02-26,0.0,,3.0,3.0,6.0,7.0,4.0,5.0,1.0,0.0,4.0,7.0,1.0,1.0,2.0,3.0,4.0,1.0,0.0,2.0,2.0
2020-02-27,0.0,1.0,0.0,3.0,0.0,1.0,4.0,6.0,4.0,1.0,1.0,3.0,2.0,5.0,4.0,2.0,4.0,3.0,2.0,1.0,3.0
2020-02-28,2.0,4.0,4.0,6.0,5.0,4.0,3.0,22.0,23.0,,57.0,61.0,54.0,69.0,71.0,69.0,71.0,70.0,,66.0,0.0
2020-02-29,12.0,11.0,,14.0,12.0,13.0,15.0,12.0,8.0,5.0,5.0,2.0,0.0,1.0,2.0,0.0,2.0,2.0,,,
2020-03-01,,,,,,,,0.0,2.0,,,,,0.0,0.0,0.0,2.0,0.0,0.0,,
2020-03-02,1.0,1.0,0.0,1.0,0.0,2.0,6.0,3.0,5.0,2.0,15.0,21.0,11.0,8.0,7.0,4.0,8.0,8.0,,4.0,0.0
2020-03-03,0.0,1.0,0.0,1.0,2.0,0.0,,23.0,19.0,15.0,17.0,19.0,9.0,6.0,0.0,0.0,1.0,2.0,22.0,34.0,0.0
2020-03-04,0.0,0.0,0.0,1.0,0.0,2.0,1.0,2.0,2.0,1.0,5.0,2.0,2.0,1.0,0.0,0.0,2.0,4.0,0.0,1.0,0.0
2020-03-05,0.0,1.0,0.0,0.0,0.0,2.0,5.0,4.0,2.0,2.0,4.0,1.0,7.0,3.0,3.0,1.0,3.0,2.0,2.0,3.0,2.0
2020-03-06,0.0,0.0,0.0,0.0,0.0,1.0,,3.0,3.0,2.0,2.0,6.0,0.0,1.0,1.0,5.0,8.0,8.0,6.0,,6.0
2020-03-07,0.0,0.0,0.0,1.0,0.0,1.0,0.0,0.0,5.0,1.0,3.0,5.0,1.0,1.0,7.0,4.0,6.0,4.0,0.0,5.0,0.0
2020-03-08,0.0,0.0,0.0,4.0,3.0,3.0,3.0,4.0,0.0,0.0,9.0,13.0,8.0,6.0,4.0,0.0,0.0,7.0,4.0,2.0,1.0
2020-03-09,1.0,2.0,8.0,9.0,7.0,14.0,12.0,11.0,10.0,,11.0,11.0,4.0,1.0,3.0,4.0,6.0,4.0,5.0,,5.0
2020-03-10,0.0,1.0,1.0,1.0,0.0,3.0,2.0,0.0,0.0,3.0,3.0,3.0,2.0,69.0,67.0,68.0,71.0,72.0,75.0,74.0,71.0
2020-03-11,,0.0,,0.0,0.0,0.0,2.0,0.0,5.0,2.0,5.0,5.0,3.0,7.0,5.0,2.0,2.0,0.0,2.0,2.0,2.0
2020-03-12,0.0,,7.0,8.0,7.0,5.0,2.0,1.0,0.0,1.0,3.0,3.0,0.0,1.0,3.0,1.0,2.0,2.0,,3.0,3.0
2020-03-13,13.0,14.0,17.0,17.0,16.0,14.0,12.0,9.0,7.0,6.0,7.0,10.0,1.0,2.0,2.0,0.0,2.0,0.0,2.0,2.0,2.0
2020-03-14,0.0,0.0,,0.0,,0.0,0.0,0.0,3.0,0.0,0.0,2.0,0.0,0.0,1.0,0.0,2.0,0.0,,,
2020-03-15,,,,,,,,0.0,0.0,,,0.0,0.0,0.0,1.0,1.0,10.0,9.0,,,
2020-03-16,2.0,1.0,0.0,0.0,0.0,0.0,2.0,1.0,0.0,4.0,6.0,7.0,2.0,2.0,1.0,0.0,3.0,1.0,1.0,4.0,3.0
2020-03-17,0.0,0.0,0.0,1.0,0.0,1.0,1.0,3.0,2.0,3.0,2.0,3.0,0.0,6.0,6.0,3.0,7.0,11.0,12.0,12.0,12.0
2020-03-18,1.0,,1.0,1.0,0.0,0.0,15.0,,9.0,3.0,1.0,2.0,2.0,2.0,0.0,0.0,6.0,3.0,1.0,1.0,0.0
2020-03-19,0.0,0.0,0.0,0.0,0.0,1.0,0.0,8.0,3.0,0.0,4.0,0.0,2.0,1.0,0.0,0.0,12.0,10.0,10.0,10.0,
2020-03-20,0.0,0.0,0.0,1.0,0.0,0.0,1.0,0.0,0.0,,0.0,0.0,0.0,0.0,2.0,2.0,3.0,2.0,0.0,1.0,0.0
2020-03-21,0.0,0.0,0.0,0.0,0.0,1.0,3.0,3.0,1.0,1.0,0.0,2.0,7.0,4.0,6.0,2.0,6.0,4.0,5.0,5.0,
2020-03-22,,1.0,,0.0,3.0,1.0,0.0,0.0,0.0,0.0,0.0,7.0,7.0,0.0,0.0,0.0,,,,,
2020-03-23,0.0,2.0,0.0,,,1.0,0.0,0.0,,,,0.0,3.0,8.0,6.0,3.0,4.0,,,,
2020-03-24,0.0,3.0,2.0,1.0,0.0,0.0,0.0,0.0,1.0,0.0,1.0,3.0,0.0,2.0,3.0,0.0,0.0,,,,0.0
2020-03-25,,,,,,,,,0.0,0.0,0.0,,0.0,0.0,5.0,,,,,,
2020-03-26,,,,,,,,,,0.0,3.0,3.0,0.0,2.0,5.0,3.0,5.0,3.0,1.0,1.0,
2020-03-27,1.0,1.0,0.0,0.0,2.0,0.0,1.0,12.0,35.0,34.0,23.0,23.0,26.0,19.0,,,,0.0,0.0,,12.0
2020-03-28,,,,,,,,,,,,,0.0,0.0,0.0,0.0,0.0,,,,0.0
2020-03-29,,,,,,,,0.0,0.0,0.0,0.0,0.0,2.0,0.0,0.0,0.0,0.0,0.0,0.0,0.0,1.0
2020-03-30,0.0,0.0,0.0,0.0,2.0,0.0,1.0,3.0,1.0,0.0,,0.0,0.0,0.0,15.0,20.0,23.0,24.0,20.0,19.0,17.0
2020-03-31,,,,,,,,,,,,,0.0,0.0,0.0,0.0,3.0,,,,
2020-04-01,,,,,0.0,0.0,,25.0,28.0,27.0,32.0,37.0,30.0,29.0,27.0,22.0,27.0,,,,
2020-04-02,,,,,,,,,,,0.0,0.0,0.0,0.0,0.0,0.0,1.0,,,,
2020-04-03,,,,,,16.0,18.0,17.0,20.0,15.0,15.0,26.0,18.0,12.0,12.0,8.0,8.0,6.0,1.0,2.0,2.0
2020-04-04,,,,,0.0,4.0,4.0,0.0,0.0,0.0,0.0,0.0,0.0,0.0,0.0,0.0,3.0,,,,
2020-04-05,,,,,19.0,20.0,18.0,15.0,11.0,6.0,6.0,8.0,7.0,0.0,0.0,0.0,1.0,,,,
2020-04-06,,,,,,0.0,2.0,0.0,0.0,,,0.0,0.0,0.0,1.0,0.0,0.0,,,,
2020-04-07,,,,,0.0,3.0,10.0,9.0,11.0,18.0,19.0,17.0,9.0,4.0,0.0,0.0,0.0,,,,
2020-04-08,,,,,,,,,,0.0,0.0,0.0,0.0,0.0,3.0,0.0,2.0,0.0,,,
2020-04-09,,,,0.0,0.0,,0.0,7.0,,,,0.0,0.0,0.0,0.0,0.0,0.0,,,,
2020-04-10,,,,,,,0.0,0.0,,,0.0,0.0,0.0,0.0,0.0,0.0,0.0,,,,
2020-04-11,0.0,0.0,1.0,1.0,1.0,0.0,4.0,3.0,,,0.0,4.0,4.0,1.0,0.0,0.0,0.0,0.0,,,0.0
2020-04-12,,,,,,,,,,,,0.0,0.0,0.0,3.0,0.0,8.0,,,,
2020-04-13,,,,,,,,,,,,,,,,,,9.0,,,0.0
2020-04-14,,,,,,,0.0,0.0,2.0,,,1.0,0.0,1.0,0.0,0.0,9.0,,,,
2020-04-15,,,,,,,0.0,0.0,,,,0.0,19.0,14.0,5.0,0.0,0.0,,,,
2020-04-16,,,,,,,0.0,0.0,0.0,0.0,,0.0,0.0,0.0,0.0,0.0,0.0,,,,
2020-04-17,,,,,,,,,,0.0,0.0,0.0,0.0,2.0,0.0,0.0,2.0,,,,
2020-04-18,,,,,,,,,,0.0,0.0,4.0,0.0,0.0,0.0,0.0,2.0,,,,
2020-04-19,,,,,,,,,,,0.0,3.0,0.0,0.0,2.0,0.0,10.0,,,,
2020-04-20,,,,,,,,0.0,6.0,4.0,3.0,0.0,0.0,0.0,0.0,8.0,8.0,5.0,0.0,0.0,0.0
2020-04-21,,,,,,,0.0,0.0,0.0,0.0,0.0,1.0,0.0,0.0,3.0,1.0,3.0,1.0,0.0,1.0,0.0
2020-04-22,,,,,0.0,0.0,0.0,,,,,0.0,25.0,27.0,17.0,20.0,23.0,21.0,16.0,14.0,13.0
2020-04-23,,,,,0.0,0.0,0.0,0.0,3.0,2.0,,0.0,0.0,0.0,26.0,21.0,21.0,19.0,14.0,11.0,10.0
2020-04-24,,,,,,,,0.0,3.0,0.0,13.0,0.0,1.0,0.0,3.0,0.0,2.0,0.0,0.0,,
2020-04-25,,,,,,,,,,,,0.0,0.0,0.0,0.0,0.0,0.0,,,,
2020-04-26,,,,,,0.0,0.0,,,0.0,0.0,0.0,0.0,5.0,4.0,1.0,0.0,,,,
2020-04-27,,,,,,,,,,,3.0,2.0,0.0,1.0,0.0,0.0,0.0,,,,
2020-04-28,,,,,,,,0.0,7.0,7.0,,0.0,0.0,0.0,0.0,0.0,0.0,,1.0,1.0,0.0
2020-04-29,0.0,0.0,,,,,,0.0,22.0,22.0,,19.0,19.0,4.0,0.0,0.0,2.0,0.0,0.0,1.0,0.0
2020-04-30,,,,,,,0.0,4.0,0.0,4.0,0.0,14.0,5.0,2.0,0.0,0.0,0.0,27.0,,,
2020-05-01,,,,,0.0,0.0,,,,,,0.0,0.0,5.0,1.0,0.0,2.0,,,,
2020-05-02,,,,,,,0.0,1.0,,,1.0,0.0,0.0,0.0,0.0,0.0,0.0,,,,
2020-05-03,0.0,,,,,0.0,,0.0,,,0.0,0.0,0.0,0.0,0.0,0.0,0.0,,,,
2020-05-04,,,,,,,,,,,,0.0,11.0,3.0,2.0,2.0,6.0,0.0,,,
2020-05-05,,,0.0,0.0,0.0,0.0,,,4.0,1.0,0.0,6.0,5.0,4.0,61.0,70.0,69.0,64.0,59.0,56.0,55.0
2020-05-06,,1.0,0.0,6.0,6.0,11.0,4.0,7.0,3.0,0.0,0.0,3.0,0.0,0.0,2.0,0.0,2.0,,,,0.0
2020-05-07,,,,,0.0,5.0,0.0,0.0,0.0,0.0,1.0,1.0,2.0,4.0,0.0,0.0,0.0,0.0,,,
2020-05-08,,,,,0.0,9.0,0.0,0.0,4.0,1.0,0.0,1.0,3.0,2.0,0.0,2.0,2.0,,,,
2020-05-09,,,,,,,0.0,9.0,4.0,2.0,,0.0,0.0,0.0,1.0,0.0,3.0,,,,
2020-05-10,0.0,,,,,5.0,2.0,0.0,,,,0.0,0.0,0.0,0.0,10.0,17.0,,,,
2020-05-11,,,,,0.0,15.0,,7.0,7.0,7.0,,,0.0,0.0,3.0,0.0,0.0,,,,
2020-05-12,0.0,,,,,,13.0,28.0,29.0,29.0,,18.0,18.0,14.0,10.0,9.0,8.0,,,,0.0
2020-05-13,,,,,,,0.0,17.0,17.0,,,24.0,18.0,16.0,17.0,17.0,21.0,,,,
2020-05-14,,0.0,0.0,,0.0,2.0,0.0,0.0,,0.0,0.0,2.0,0.0,0.0,2.0,3.0,6.0,,,,
2020-05-15,,,,,,,,,,,,0.0,0.0,0.0,3.0,3.0,5.0,,,,
2020-05-16,,,,,,,,,,,,0.0,3.0,0.0,0.0,2.0,0.0,,,,
2020-05-17,,,,,,,0.0,0.0,,0.0,0.0,,0.0,0.0,3.0,3.0,6.0,,,,
2020-05-18,,,,,,,0.0,2.0,0.0,3.0,2.0,5.0,2.0,0.0,2.0,4.0,3.0,0.0,0.0,0.0,0.0
2020-05-19,,,,,,,0.0,0.0,,,,0.0,0.0,0.0,0.0,2.0,3.0,,0.0,0.0,0.0
2020-05-20,,,,,,,,,,0.0,11.0,0.0,3.0,18.0,12.0,12.0,14.0,10.0,5.0,2.0,1.0
2020-05-21,,,0.0,0.0,,,,,,,0.0,14.0,6.0,0.0,4.0,2.0,5.0,,0.0,0.0,
2020-05-22,,0.0,0.0,0.0,,,,,,0.0,3.0,0.0,0.0,0.0,0.0,0.0,0.0,,,,
2020-05-23,,,,,,,,,,,,0.0,0.0,0.0,2.0,0.0,0.0,,,,
2020-05-24,,,,,,0.0,3.0,,,,,0.0,0.0,0.0,0.0,0.0,0.0,0.0,0.0,,
2020-05-25,,,,,,0.0,0.0,0.0,0.0,3.0,,0.0,0.0,3.0,2.0,0.0,0.0,0.0,,,
2020-05-26,0.0,0.0,0.0,0.0,5.0,3.0,0.0,,,,,0.0,2.0,1.0,0.0,0.0,0.0,,,,0.0
2020-05-27,,,,,,,0.0,0.0,0.0,,,0.0,0.0,2.0,0.0,1.0,0.0,0.0,,,
2020-05-28,,,,,,,,0.0,0.0,,,3.0,0.0,15.0,14.0,11.0,12.0,,,,
2020-05-29,,,,,,,,0.0,0.0,,,0.0,0.0,0.0,0.0,0.0,0.0,,,,
2020-05-30,,0.0,0.0,0.0,1.0,,0.0,0.0,,,,,,0.0,0.0,0.0,1.0,,,,
2020-05-31,0.0,0.0,,,,,,,0.0,0.0,,0.0,0.0,0.0,3.0,1.0,5.0,,,,
2020-06-01,,,,,,,,,,,,0.0,0.0,0.0,0.0,0.0,0.0,,0.0,0.0,
2020-06-02,0.0,23.0,15.0,0.0,0.0,1.0,2.0,0.0,1.0,,1.0,4.0,2.0,6.0,6.0,4.0,3.0,,,,0.0
2020-06-03,,,,,,,,,,,0.0,3.0,0.0,3.0,3.0,3.0,7.0,,,,0.0
2020-06-04,,,12.0,7.0,9.0,1.0,4.0,0.0,2.0,0.0,6.0,0.0,0.0,4.0,4.0,5.0,5.0,,,,0.0
2020-06-05,,,,,0.0,0.0,3.0,0.0,2.0,4.0,9.0,17.0,6.0,7.0,0.0,0.0,0.0,0.0,0.0,,
2020-06-06,,,,,,,,,,,,0.0,0.0,2.0,3.0,2.0,5.0,4.0,1.0,1.0,2.0
2020-06-07,,,,,,,,,,,,,0.0,0.0,0.0,0.0,0.0,,,,
2020-06-08,,,,,,,0.0,4.0,,,,0.0,0.0,2.0,2.0,0.0,3.0,0.0,0.0,0.0,0.0
2020-06-09,,,,,,,,0.0,3.0,3.0,3.0,4.0,1.0,6.0,1.0,0.0,3.0,0.0,0.0,0.0,
2020-06-10,,,,,,,,0.0,1.0,,,0.0,0.0,4.0,2.0,5.0,11.0,,,,
2020-06-11,0.0,,,,,,,,,,0.0,2.0,0.0,3.0,0.0,0.0,3.0,,,,
2020-06-12,,,,,0.0,0.0,,,3.0,0.0,3.0,0.0,0.0,3.0,3.0,6.0,6.0,0.0,0.0,,
2020-06-13,,,,,,0.0,0.0,,,,0.0,2.0,0.0,2.0,1.0,2.0,1.0,,,,
2020-06-14,,0.0,,,,0.0,5.0,,,,,,0.0,1.0,0.0,0.0,0.0,0.0,0.0,,
2020-06-15,,,,,0.0,0.0,0.0,0.0,,,,0.0,2.0,0.0,1.0,1.0,1.0,0.0,0.0,,
2020-06-16,0.0,0.0,1.0,0.0,0.0,3.0,3.0,1.0,0.0,3.0,2.0,2.0,5.0,9.0,4.0,1.0,1.0,0.0,0.0,0.0,0.0
2020-06-17,,,,,,,,,,,,0.0,35.0,30.0,33.0,35.0,37.0,30.0,25.0,22.0,21.0
2020-06-18,0.0,1.0,2.0,0.0,1.0,2.0,3.0,1.0,0.0,0.0,7.0,8.0,5.0,3.0,8.0,5.0,6.0,5.0,3.0,,0.0
2020-06-19,0.0,0.0,1.0,1.0,4.0,0.0,0.0,0.0,0.0,0.0,0.0,1.0,0.0,8.0,8.0,8.0,9.0,7.0,,3.0,
2020-06-20,0.0,1.0,1.0,,3.0,3.0,1.0,0.0,0.0,0.0,1.0,1.0,0.0,2.0,0.0,0.0,0.0,0.0,0.0,0.0,
2020-06-21,0.0,0.0,0.0,1.0,6.0,9.0,8.0,6.0,6.0,3.0,2.0,2.0,0.0,0.0,0.0,0.0,0.0,0.0,,0.0,0.0
2020-06-22,,,0.0,,0.0,0.0,2.0,0.0,0.0,1.0,3.0,4.0,1.0,5.0,8.0,14.0,17.0,14.0,12.0,10.0,
2020-06-23,3.0,3.0,3.0,0.0,1.0,0.0,2.0,6.0,3.0,0.0,1.0,1.0,0.0,2.0,7.0,7.0,6.0,5.0,3.0,1.0,0.0
2020-06-24,16.0,15.0,16.0,12.0,8.0,1.0,2.0,0.0,0.0,0.0,6.0,7.0,0.0,2.0,1.0,8.0,6.0,0.0,0.0,0.0,0.0
2020-06-25,,,,,0.0,0.0,0.0,1.0,1.0,2.0,4.0,6.0,1.0,2.0,1.0,1.0,0.0,0.0,0.0,,
2020-06-26,,,,,0.0,0.0,13.0,9.0,11.0,9.0,15.0,18.0,6.0,9.0,4.0,3.0,3.0,0.0,,,
2020-06-27,,,,,,,,,,,,,0.0,0.0,0.0,0.0,,,,,
2020-06-28,,,0.0,3.0,,,,5.0,4.0,0.0,7.0,11.0,4.0,0.0,9.0,8.0,,,,,
2020-06-29,0.0,2.0,0.0,0.0,0.0,0.0,1.0,0.0,5.0,4.0,8.0,9.0,2.0,6.0,2.0,5.0,5.0,0.0,0.0,0.0,0.0
2020-06-30,5.0,4.0,3.0,2.0,1.0,0.0,5.0,2.0,0.0,0.0,3.0,4.0,0.0,0.0,0.0,0.0,0.0,0.0,0.0,0.0,0.0
2020-07-01,0.0,0.0,0.0,0.0,2.0,0.0,2.0,1.0,50.0,47.0,45.0,58.0,52.0,55.0,53.0,53.0,53.0,46.0,41.0,,0.0
2020-07-02,,,,,,,,,,,0.0,2.0,3.0,7.0,5.0,4.0,2.0,,,,
2020-07-03,,,,,,,,0.0,0.0,,,0.0,0.0,0.0,6.0,3.0,2.0,0.0,0.0,0.0,0.0
2020-07-04,,,,,,0.0,4.0,1.0,6.0,,4.0,6.0,0.0,0.0,0.0,0.0,0.0,0.0,0.0,0.0,0.0
2020-07-05,,,,,,,,,1.0,0.0,11.0,12.0,2.0,5.0,0.0,,0.0,0.0,,,
2020-07-06,,,0.0,0.0,,,,,,,,0.0,0.0,2.0,5.0,0.0,0.0,0.0,,,
2020-07-07,,,,,,,,,,0.0,0.0,0.0,0.0,2.0,0.0,0.0,0.0,0.0,,,
2020-07-08,,,,,,,,,0.0,0.0,,,0.0,6.0,9.0,5.0,6.0,,,,
2020-07-09,,,,,,,0.0,6.0,,,,0.0,3.0,0.0,4.0,2.0,2.0,5.0,0.0,0.0,0.0
2020-07-10,,,,,0.0,4.0,1.0,30.0,28.0,25.0,21.0,26.0,13.0,24.0,20.0,19.0,16.0,10.0,20.0,,20.0
2020-07-11,,,,,,,,,,,,0.0,0.0,0.0,3.0,0.0,2.0,,,,
2020-07-12,,,,,,,,,,,,0.0,0.0,1.0,1.0,0.0,2.0,2.0,0.0,1.0,0.0
2020-07-13,,,,,,,,,,,,,0.0,2.0,0.0,0.0,3.0,0.0,1.0,4.0,3.0
2020-07-14,,,,,,,,,2.0,2.0,4.0,4.0,5.0,5.0,4.0,1.0,3.0,6.0,7.0,,
2020-07-15,,,,,,,0.0,0.0,0.0,0.0,5.0,6.0,27.0,38.0,37.0,36.0,37.0,30.0,25.0,22.0,21.0
2020-07-16,,,,,,0.0,6.0,5.0,1.0,1.0,0.0,0.0,0.0,4.0,0.0,0.0,3.0,0.0,0.0,0.0,0.0
2020-07-17,,,,,,,,,0.0,0.0,0.0,,0.0,0.0,0.0,0.0,0.0,,,,
2020-07-18,,,,,,,,0.0,0.0,0.0,1.0,0.0,1.0,4.0,1.0,0.0,2.0,,,,
2020-07-19,,,,,,,,,,,,,0.0,0.0,1.0,,0.0,0.0,9.0,,
2020-07-20,,,,,,,,3.0,6.0,4.0,3.0,3.0,3.0,2.0,6.0,6.0,12.0,8.0,,,
2020-07-21,,,,,,,,0.0,6.0,6.0,7.0,10.0,2.0,2.0,4.0,1.0,2.0,0.0,9.0,11.0,0.0
2020-07-22,,,,,,,,,2.0,0.0,18.0,23.0,13.0,18.0,17.0,14.0,15.0,13.0,11.0,11.0,0.0
2020-07-23,,,,17.0,15.0,,,11.0,14.0,11.0,13.0,10.0,3.0,0.0,0.0,5.0,4.0,0.0,,,
2020-07-24,,,,,,,,3.0,3.0,0.0,2.0,3.0,1.0,4.0,3.0,3.0,5.0,,,,
2020-07-25,,,,,,,,,3.0,1.0,0.0,1.0,6.0,12.0,11.0,16.0,18.0,,,,
2020-07-26,1.0,1.0,,,,,,8.0,5.0,,,0.0,0.0,0.0,1.0,0.0,2.0,,,13.0,1.0
2020-07-27,,,,,,,,3.0,3.0,2.0,4.0,4.0,0.0,1.0,0.0,2.0,0.0,0.0,9.0,11.0,0.0
2020-07-28,,,,,,,,0.0,0.0,19.0,18.0,18.0,11.0,11.0,6.0,,,6.0,9.0,,
2020-07-29,,0.0,0.0,0.0,0.0,,,1.0,1.0,0.0,1.0,1.0,0.0,1.0,2.0,1.0,2.0,1.0,10.0,12.0,
2020-07-30,,0.0,0.0,0.0,0.0,,,,0.0,10.0,11.0,13.0,5.0,1.0,1.0,0.0,0.0,2.0,9.0,11.0,0.0
2020-07-31,1.0,0.0,0.0,0.0,1.0,,,2.0,12.0,9.0,13.0,15.0,7.0,4.0,7.0,5.0,7.0,5.0,9.0,10.0,0.0
2020-08-01,,,,,0.0,,,22.0,24.0,20.0,,18.0,15.0,,9.0,8.0,10.0,3.0,0.0,0.0,0.0
2020-08-02,1.0,0.0,0.0,1.0,2.0,,,1.0,2.0,3.0,,,0.0,,1.0,1.0,6.0,5.0,,0.0,0.0
2020-08-03,,,,,,,,0.0,2.0,0.0,3.0,5.0,2.0,2.0,1.0,0.0,3.0,78.0,76.0,75.0,63.0
2020-08-04,,,,,,,,,,,,7.0,14.0,11.0,3.0,1.0,1.0,,,,
2020-08-05,,,,1.0,2.0,,,0.0,1.0,,10.0,14.0,7.0,4.0,0.0,1.0,2.0,0.0,,,0.0
2020-08-06,,,,,,,,0.0,,0.0,1.0,0.0,4.0,2.0,3.0,4.0,3.0,0.0,0.0,,
2020-08-07,,,0.0,0.0,0.0,,,10.0,10.0,8.0,15.0,22.0,12.0,12.0,12.0,13.0,14.0,8.0,1.0,0.0,0.0
2020-08-08,0.0,,,,0.0,,,1.0,1.0,0.0,2.0,3.0,19.0,19.0,21.0,20.0,20.0,21.0,,,
2020-08-09,0.0,,,4.0,,,,,0.0,0.0,,0.0,1.0,0.0,1.0,1.0,0.0,,,,
2020-08-10,5.0,,5.0,22.0,21.0,,,13.0,11.0,13.0,12.0,11.0,4.0,2.0,0.0,0.0,0.0,0.0,0.0,,
2020-08-11,,6.0,3.0,2.0,2.0,,,1.0,2.0,1.0,3.0,0.0,0.0,1.0,0.0,0.0,1.0,4.0,,,
2020-08-12,,,,,,,,10.0,11.0,11.0,10.0,11.0,2.0,6.0,28.0,26.0,31.0,24.0,18.0,32.0,
2020-08-13,1.0,2.0,0.0,0.0,0.0,,,57.0,58.0,56.0,53.0,55.0,49.0,45.0,42.0,39.0,38.0,37.0,38.0,38.0,26.0
2020-08-14,0.0,,,,,,,,,,4.0,3.0,0.0,0.0,4.0,0.0,0.0,0.0,1.0,,
2020-08-15,0.0,1.0,1.0,1.0,0.0,0.0,22.0,23.0,22.0,19.0,,12.0,12.0,11.0,13.0,11.0,11.0,9.0,9.0,9.0,0.0
2020-08-16,0.0,1.0,0.0,0.0,1.0,1.0,0.0,0.0,0.0,,,9.0,1.0,1.0,0.0,0.0,0.0,9.0,11.0,11.0,0.0
2020-08-17,0.0,0.0,0.0,0.0,0.0,5.0,6.0,5.0,3.0,1.0,1.0,2.0,3.0,,0.0,0.0,0.0,1.0,0.0,0.0,
2020-08-18,,,,,,,,0.0,,,,,0.0,0.0,3.0,,,,,,
2020-08-19,,,,,,1.0,0.0,1.0,2.0,,21.0,36.0,29.0,26.0,29.0,27.0,32.0,33.0,41.0,39.0,
2020-08-20,,,,,,,,,,,,0.0,12.0,5.0,2.0,0.0,6.0,6.0,10.0,11.0,0.0
2020-08-21,,,,,,,,,,,,0.0,0.0,0.0,1.0,0.0,3.0,4.0,11.0,13.0,1.0
2020-08-22,,,,,,1.0,5.0,9.0,9.0,,17.0,22.0,19.0,19.0,16.0,13.0,12.0,,19.0,19.0,7.0
2020-08-23,,,,,,,,,14.0,12.0,12.0,16.0,7.0,1.0,0.0,0.0,2.0,2.0,11.0,13.0,
2020-08-24,,,,,,4.0,5.0,3.0,4.0,1.0,2.0,5.0,5.0,,5.0,1.0,1.0,1.0,,,
2020-08-25,0.0,,,20.0,21.0,21.0,21.0,19.0,20.0,15.0,12.0,15.0,10.0,,6.0,8.0,7.0,5.0,,,
2020-08-26,,,,,,,,,30.0,29.0,29.0,30.0,24.0,,29.0,26.0,26.0,8.0,8.0,7.0,6.0
2020-08-27,,2.0,1.0,1.0,0.0,0.0,2.0,1.0,0.0,0.0,3.0,4.0,0.0,,1.0,0.0,0.0,10.0,6.0,14.0,
2020-08-28,,,,,,,,,5.0,2.0,1.0,1.0,2.0,,6.0,0.0,1.0,0.0,0.0,,
2020-08-29,0.0,,,0.0,,,,,,0.0,0.0,0.0,1.0,,0.0,2.0,,,,,
2020-08-30,,,,,,,,,,,,0.0,0.0,,0.0,0.0,0.0,0.0,,0.0,1.0
2020-08-31,,,,,,,,,0.0,1.0,,,0.0,0.0,0.0,0.0,0.0,2.0,0.0,1.0,1.0
2020-09-01,,,,,,0.0,2.0,0.0,2.0,,,0.0,13.0,3.0,1.0,0.0,2.0,20.0,6.0,5.0,4.0
2020-09-02,0.0,0.0,1.0,1.0,1.0,2.0,1.0,0.0,1.0,1.0,5.0,5.0,2.0,2.0,0.0,,,,,,
2020-09-03,,,,,,,0.0,0.0,0.0,0.0,0.0,0.0,1.0,2.0,1.0,0.0,0.0,0.0,,,
2020-09-04,,,,,,,,,,0.0,0.0,0.0,0.0,4.0,1.0,0.0,2.0,4.0,0.0,10.0,1.0
2020-09-05,0.0,1.0,0.0,0.0,0.0,0.0,1.0,0.0,0.0,,,0.0,6.0,3.0,2.0,1.0,0.0,0.0,,,
2020-09-06,,,,,0.0,0.0,2.0,1.0,0.0,2.0,2.0,1.0,0.0,1.0,4.0,1.0,3.0,2.0,,,
2020-09-07,0.0,0.0,0.0,0.0,4.0,4.0,0.0,4.0,7.0,5.0,3.0,4.0,1.0,3.0,3.0,0.0,1.0,5.0,,,
2020-09-08,,,,,0.0,1.0,4.0,2.0,7.0,4.0,3.0,6.0,0.0,0.0,4.0,,,,,,
2020-09-09,0.0,0.0,,,,,0.0,6.0,6.0,9.0,14.0,14.0,18.0,11.0,11.0,8.0,8.0,22.0,,,
2020-09-10,,,,,,,0.0,0.0,0.0,3.0,0.0,10.0,2.0,1.0,2.0,0.0,2.0,0.0,,,
2020-09-11,0.0,8.0,5.0,5.0,3.0,0.0,1.0,0.0,0.0,0.0,3.0,3.0,1.0,3.0,0.0,0.0,1.0,0.0,0.0,1.0,1.0
2020-09-12,,,,,,,0.0,0.0,0.0,0.0,0.0,1.0,5.0,9.0,8.0,7.0,11.0,9.0,7.0,5.0,4.0
2020-09-13,0.0,,,,,0.0,0.0,0.0,0.0,0.0,1.0,2.0,0.0,0.0,0.0,0.0,2.0,,,,
2020-09-14,0.0,,,,,0.0,0.0,0.0,,,,0.0,0.0,1.0,2.0,0.0,1.0,0.0,,,
2020-09-15,0.0,,,,,1.0,2.0,5.0,10.0,8.0,8.0,7.0,6.0,6.0,3.0,0.0,,,,,
2020-09-16,,,,,,,0.0,2.0,9.0,5.0,3.0,2.0,0.0,5.0,5.0,1.0,2.0,,,,
2020-09-17,0.0,,,,,0.0,0.0,1.0,9.0,6.0,6.0,3.0,0.0,0.0,0.0,0.0,4.0,4.0,2.0,1.0,0.0
2020-09-18,,,,,,,,,0.0,0.0,3.0,0.0,6.0,6.0,5.0,2.0,0.0,,,,
2020-09-19,,,,,,,,0.0,3.0,0.0,0.0,2.0,1.0,2.0,5.0,3.0,4.0,2.0,0.0,1.0,0.0
2020-09-20,0.0,,,,,0.0,,0.0,0.0,0.0,0.0,1.0,0.0,1.0,0.0,0.0,,0.0,0.0,1.0,
2020-09-21,0.0,,,,,0.0,1.0,0.0,1.0,2.0,2.0,3.0,5.0,0.0,0.0,0.0,0.0,,0.0,0.0,0.0
2020-09-22,0.0,,,,,,,0.0,5.0,4.0,10.0,6.0,1.0,1.0,0.0,,,0.0,0.0,6.0,5.0
2020-09-23,1.0,,,,,5.0,3.0,,,,,,0.0,0.0,0.0,0.0,0.0,,1.0,1.0,0.0
2020-09-24,,,,,,,,0.0,0.0,0.0,,,0.0,5.0,0.0,0.0,0.0,,,,
2020-09-25,0.0,,,,,0.0,3.0,7.0,9.0,7.0,15.0,22.0,14.0,13.0,,,,,,,
2020-09-26,0.0,,,,,0.0,1.0,0.0,1.0,3.0,2.0,2.0,0.0,4.0,2.0,0.0,0.0,1.0,0.0,0.0,
2020-09-27,1.0,,,,,0.0,0.0,0.0,1.0,0.0,2.0,2.0,0.0,1.0,1.0,0.0,7.0,3.0,1.0,1.0,0.0
2020-09-28,0.0,,,,,0.0,5.0,3.0,0.0,3.0,2.0,9.0,0.0,0.0,0.0,,,,,,
2020-09-29,,,,,,4.0,6.0,6.0,6.0,2.0,5.0,5.0,0.0,0.0,5.0,5.0,14.0,14.0,,,
2020-09-30,0.0,,,,,1.0,0.0,1.0,9.0,5.0,10.0,12.0,9.0,5.0,3.0,0.0,3.0,3.0,2.0,2.0,0.0
2020-10-01,0.0,,,,,0.0,0.0,3.0,5.0,1.0,6.0,6.0,1.0,1.0,8.0,6.0,6.0,6.0,10.0,,
2020-10-02,0.0,,,,,1.0,3.0,1.0,4.0,0.0,1.0,6.0,8.0,6.0,6.0,4.0,6.0,4.0,5.0,5.0,3.0
2020-10-03,0.0,,,,,0.0,1.0,5.0,0.0,0.0,8.0,8.0,0.0,1.0,0.0,4.0,1.0,0.0,0.0,2.0,0.0
2020-10-04,0.0,,,,,0.0,1.0,0.0,0.0,0.0,1.0,9.0,0.0,0.0,0.0,0.0,1.0,5.0,2.0,2.0,0.0
2020-10-05,7.0,,,,,1.0,2.0,0.0,3.0,4.0,4.0,5.0,0.0,1.0,2.0,1.0,1.0,1.0,0.0,1.0,
2020-10-06,0.0,,,,,3.0,3.0,1.0,4.0,0.0,5.0,1.0,1.0,1.0,3.0,22.0,28.0,26.0,26.0,27.0,25.0
2020-10-07,0.0,,,,,0.0,2.0,4.0,0.0,1.0,1.0,2.0,0.0,11.0,5.0,2.0,2.0,1.0,1.0,1.0,0.0
2020-10-08,0.0,,,,,1.0,0.0,4.0,3.0,,1.0,4.0,4.0,7.0,14.0,11.0,14.0,13.0,13.0,13.0,11.0
2020-10-09,0.0,,,,,0.0,0.0,0.0,0.0,0.0,3.0,4.0,1.0,2.0,2.0,0.0,0.0,0.0,2.0,2.0,
2020-10-10,1.0,,,,,,,0.0,0.0,0.0,0.0,2.0,1.0,1.0,1.0,8.0,9.0,10.0,11.0,10.0,9.0
2020-10-11,0.0,,,,,,,5.0,7.0,4.0,5.0,3.0,0.0,6.0,3.0,0.0,2.0,1.0,0.0,0.0,0.0
2020-10-12,0.0,,,,,,,0.0,2.0,0.0,8.0,11.0,1.0,2.0,2.0,0.0,2.0,1.0,6.0,7.0,7.0
2020-10-13,1.0,,,,,,,21.0,22.0,18.0,19.0,16.0,11.0,8.0,6.0,3.0,5.0,1.0,1.0,1.0,0.0
2020-10-14,0.0,,,,,,,0.0,1.0,0.0,4.0,4.0,0.0,8.0,2.0,1.0,2.0,0.0,,0.0,0.0
2020-10-15,4.0,,,,,,,1.0,1.0,1.0,3.0,4.0,5.0,2.0,2.0,1.0,0.0,1.0,0.0,,0.0
2020-10-16,0.0,,,,,,,3.0,9.0,7.0,13.0,15.0,15.0,16.0,18.0,15.0,19.0,17.0,12.0,10.0,2.0
2020-10-17,0.0,,,,,,,5.0,5.0,3.0,4.0,3.0,1.0,8.0,0.0,0.0,6.0,4.0,0.0,0.0,0.0
2020-10-18,0.0,,,,,,,0.0,1.0,1.0,1.0,2.0,1.0,0.0,0.0,0.0,6.0,6.0,1.0,1.0,0.0
2020-10-19,0.0,,,,,,,0.0,1.0,1.0,6.0,7.0,0.0,0.0,1.0,1.0,1.0,1.0,3.0,3.0,0.0
2020-10-20,0.0,,,,,,,3.0,5.0,1.0,1.0,3.0,2.0,5.0,34.0,38.0,44.0,44.0,45.0,48.0,47.0
2020-10-21,2.0,,,,,,,5.0,7.0,7.0,19.0,23.0,14.0,19.0,10.0,16.0,15.0,15.0,18.0,17.0,16.0
2020-10-22,1.0,,,,,,,0.0,1.0,0.0,3.0,2.0,1.0,3.0,5.0,3.0,4.0,2.0,0.0,3.0,2.0
2020-10-23,1.0,,,,,,,2.0,2.0,0.0,3.0,4.0,2.0,1.0,1.0,1.0,2.0,1.0,0.0,1.0,0.0
2020-10-24,0.0,,,,,,,0.0,1.0,0.0,0.0,1.0,1.0,1.0,4.0,2.0,2.0,1.0,3.0,2.0,0.0
2020-10-25,5.0,,,,,,,0.0,1.0,0.0,2.0,5.0,0.0,0.0,3.0,0.0,3.0,1.0,6.0,,0.0
2020-10-26,1.0,,,,,0.0,4.0,9.0,8.0,6.0,7.0,10.0,1.0,1.0,0.0,0.0,,,,,
2020-10-27,0.0,,,,,2.0,4.0,2.0,3.0,1.0,3.0,4.0,2.0,1.0,2.0,0.0,2.0,,,0.0,0.0
2020-10-28,0.0,,,,,0.0,1.0,1.0,1.0,0.0,8.0,9.0,13.0,13.0,5.0,3.0,6.0,13.0,8.0,7.0,5.0
2020-10-29,0.0,,,,,0.0,1.0,0.0,0.0,1.0,5.0,6.0,11.0,8.0,10.0,7.0,9.0,12.0,7.0,10.0,8.0
2020-10-30,0.0,,,,,0.0,4.0,8.0,5.0,1.0,3.0,2.0,0.0,0.0,3.0,1.0,4.0,3.0,1.0,3.0,0.0
2020-10-31,0.0,,,,,6.0,6.0,3.0,0.0,0.0,2.0,4.0,2.0,1.0,0.0,0.0,1.0,2.0,3.0,3.0,0.0
2020-11-01,0.0,,,,,5.0,2.0,2.0,0.0,0.0,5.0,4.0,3.0,1.0,3.0,0.0,4.0,4.0,5.0,5.0,3.0
2020-11-02,0.0,,,,,0.0,4.0,1.0,1.0,0.0,6.0,3.0,0.0,2.0,5.0,13.0,17.0,19.0,15.0,18.0,9.0
2020-11-03,1.0,,,,,0.0,5.0,6.0,3.0,3.0,7.0,8.0,2.0,6.0,38.0,41.0,46.0,48.0,47.0,47.0,45.0
2020-11-04,2.0,,,,,0.0,1.0,3.0,9.0,4.0,10.0,19.0,9.0,14.0,15.0,11.0,12.0,8.0,11.0,2.0,9.0
2020-11-05,2.0,,,,,2.0,10.0,16.0,17.0,15.0,14.0,18.0,7.0,4.0,4.0,3.0,7.0,3.0,1.0,1.0,4.0
2020-11-06,0.0,,,,,0.0,1.0,3.0,,2.0,7.0,5.0,4.0,0.0,2.0,0.0,0.0,0.0,0.0,1.0,0.0
2020-11-07,1.0,,,,,0.0,0.0,0.0,3.0,0.0,0.0,2.0,0.0,0.0,1.0,0.0,2.0,8.0,4.0,3.0,2.0
2020-11-08,1.0,,,,,0.0,3.0,1.0,0.0,1.0,4.0,5.0,0.0,1.0,5.0,2.0,3.0,0.0,1.0,2.0,0.0
2020-11-09,2.0,,,,,0.0,4.0,2.0,2.0,1.0,4.0,5.0,0.0,0.0,3.0,0.0,2.0,1.0,,,0.0
2020-11-10,1.0,,,,,13.0,13.0,9.0,10.0,8.0,9.0,7.0,8.0,5.0,2.0,1.0,2.0,0.0,0.0,4.0,
2020-11-11,0.0,,,,,0.0,2.0,2.0,1.0,0.0,0.0,1.0,1.0,0.0,30.0,33.0,34.0,32.0,30.0,,26.0
2020-11-12,1.0,,,,,0.0,2.0,1.0,1.0,0.0,8.0,9.0,4.0,0.0,4.0,3.0,1.0,0.0,0.0,0.0,
2020-11-13,1.0,,,,,0.0,1.0,2.0,0.0,1.0,6.0,7.0,0.0,3.0,3.0,98.0,98.0,97.0,,,0.0
2020-11-14,0.0,,,,,,,,,,1.0,3.0,3.0,3.0,2.0,0.0,2.0,0.0,0.0,2.0,0.0
2020-11-15,0.0,,,,,,,0.0,6.0,2.0,,,0.0,0.0,0.0,0.0,1.0,0.0,0.0,1.0,
2020-11-16,2.0,,,,,1.0,6.0,6.0,6.0,2.0,2.0,2.0,0.0,0.0,2.0,2.0,2.0,,2.0,,0.0
2020-11-17,1.0,,,,,1.0,3.0,4.0,0.0,1.0,4.0,2.0,0.0,7.0,3.0,0.0,1.0,2.0,0.0,1.0,0.0
2020-11-18,,,,,,,,7.0,10.0,6.0,14.0,15.0,4.0,0.0,,0.0,,0.0,,2.0,0.0
2020-11-19,0.0,,,,,0.0,1.0,5.0,5.0,5.0,6.0,7.0,3.0,1.0,1.0,0.0,3.0,2.0,0.0,2.0,0.0
2020-11-20,,,,,,0.0,,4.0,1.0,1.0,0.0,4.0,0.0,6.0,3.0,0.0,2.0,3.0,0.0,0.0,0.0
2020-11-21,0.0,,,,,,,16.0,15.0,12.0,11.0,9.0,0.0,0.0,0.0,0.0,54.0,55.0,71.0,72.0,70.0
2020-11-22,3.0,,,15.0,12.0,9.0,8.0,13.0,12.0,16.0,,,0.0,4.0,0.0,0.0,1.0,0.0,2.0,1.0,0.0
2020-11-23,,,,,,1.0,1.0,5.0,4.0,1.0,2.0,3.0,,2.0,1.0,0.0,1.0,1.0,1.0,2.0,0.0
2020-11-24,0.0,,,,,5.0,9.0,12.0,12.0,10.0,18.0,19.0,18.0,15.0,11.0,7.0,8.0,4.0,0.0,6.0,1.0
2020-11-25,0.0,,,,,1.0,2.0,5.0,6.0,4.0,3.0,4.0,0.0,5.0,2.0,1.0,0.0,5.0,3.0,3.0,
2020-11-26,,,,,,23.0,,29.0,,,,27.0,19.0,10.0,5.0,2.0,3.0,4.0,2.0,,0.0
2020-11-27,0.0,,,,,2.0,1.0,4.0,1.0,0.0,6.0,6.0,0.0,2.0,0.0,0.0,0.0,0.0,1.0,2.0,0.0
2020-11-28,0.0,,,,,0.0,0.0,1.0,,,0.0,3.0,45.0,51.0,47.0,44.0,42.0,39.0,43.0,43.0,31.0
2020-11-29,36.0,,,,,18.0,17.0,19.0,19.0,16.0,17.0,,0.0,1.0,0.0,0.0,0.0,4.0,5.0,3.0,0.0
2020-11-30,0.0,,,,,0.0,2.0,5.0,6.0,5.0,6.0,9.0,5.0,5.0,0.0,0.0,0.0,0.0,0.0,1.0,0.0
2020-12-01,0.0,,,,,16.0,20.0,21.0,20.0,17.0,15.0,13.0,6.0,7.0,4.0,4.0,3.0,2.0,3.0,3.0,0.0
2020-12-02,3.0,,,,,20.0,20.0,22.0,20.0,16.0,15.0,12.0,3.0,2.0,2.0,2.0,4.0,2.0,3.0,3.0,0.0
2020-12-03,0.0,,,,0.0,8.0,5.0,4.0,4.0,5.0,7.0,8.0,7.0,32.0,31.0,29.0,31.0,31.0,,27.0,
2020-12-04,0.0,,,,0.0,5.0,3.0,3.0,2.0,2.0,2.0,4.0,1.0,3.0,0.0,0.0,1.0,0.0,0.0,0.0,0.0
2020-12-05,1.0,,,,1.0,2.0,0.0,0.0,0.0,1.0,1.0,3.0,1.0,1.0,1.0,0.0,2.0,,0.0,,0.0
2020-12-06,1.0,,,,8.0,10.0,9.0,7.0,3.0,0.0,0.0,2.0,0.0,0.0,0.0,0.0,0.0,1.0,1.0,2.0,0.0
2020-12-07,0.0,,,,,0.0,0.0,0.0,0.0,3.0,6.0,9.0,5.0,5.0,5.0,0.0,1.0,,,2.0,0.0
2020-12-08,5.0,,,,,2.0,3.0,4.0,2.0,0.0,1.0,2.0,1.0,1.0,0.0,0.0,1.0,1.0,0.0,1.0,0.0
2020-12-09,,,,,,0.0,2.0,0.0,1.0,1.0,3.0,5.0,1.0,1.0,1.0,2.0,2.0,1.0,,2.0,0.0
2020-12-10,0.0,,,,,7.0,18.0,15.0,10.0,7.0,6.0,5.0,1.0,0.0,1.0,0.0,0.0,1.0,1.0,3.0,2.0
2020-12-11,1.0,,,,,0.0,2.0,1.0,13.0,17.0,24.0,29.0,25.0,20.0,17.0,14.0,31.0,31.0,26.0,24.0,23.0
2020-12-12,0.0,,,,,0.0,0.0,0.0,2.0,3.0,16.0,18.0,7.0,2.0,0.0,0.0,0.0,0.0,0.0,1.0,0.0
2020-12-13,0.0,,,,,0.0,2.0,8.0,14.0,12.0,21.0,3.0,17.0,16.0,20.0,19.0,17.0,23.0,23.0,,
2020-12-14,0.0,,,,,0.0,4.0,8.0,5.0,1.0,4.0,8.0,1.0,1.0,1.0,0.0,5.0,5.0,5.0,,
2020-12-15,0.0,,,,,1.0,,0.0,3.0,1.0,1.0,2.0,1.0,4.0,1.0,1.0,16.0,16.0,16.0,17.0,12.0
2020-12-16,20.0,,,,,53.0,54.0,56.0,58.0,56.0,62.0,64.0,54.0,51.0,55.0,59.0,63.0,68.0,66.0,,0.0
2020-12-17,0.0,,,,,0.0,4.0,4.0,0.0,2.0,1.0,6.0,0.0,0.0,2.0,0.0,2.0,2.0,2.0,2.0,
2020-12-18,0.0,,,,,1.0,1.0,1.0,12.0,7.0,4.0,6.0,1.0,0.0,10.0,6.0,7.0,7.0,8.0,8.0,8.0
2020-12-19,1.0,,,,,0.0,1.0,0.0,0.0,0.0,4.0,6.0,20.0,15.0,18.0,14.0,13.0,12.0,9.0,7.0,5.0
2020-12-20,0.0,,,,,0.0,1.0,0.0,0.0,0.0,1.0,2.0,0.0,0.0,4.0,3.0,4.0,,16.0,15.0,
2020-12-21,0.0,,,,,0.0,1.0,0.0,0.0,2.0,3.0,9.0,1.0,0.0,5.0,2.0,1.0,6.0,9.0,7.0,
2020-12-22,0.0,,,,,0.0,2.0,2.0,0.0,0.0,0.0,6.0,1.0,1.0,1.0,0.0,3.0,8.0,3.0,4.0,2.0
2020-12-23,0.0,,,,,3.0,3.0,1.0,2.0,4.0,3.0,5.0,0.0,0.0,0.0,0.0,3.0,3.0,3.0,,2.0
2020-12-24,0.0,,,,,0.0,10.0,8.0,7.0,3.0,1.0,2.0,0.0,2.0,3.0,1.0,2.0,2.0,0.0,,0.0
2020-12-25,,,,,,,,,,,0.0,0.0,0.0,0.0,0.0,0.0,1.0,0.0,0.0,,0.0
2020-12-26,,,,,,,,,,,1.0,5.0,1.0,0.0,6.0,4.0,6.0,,0.0,1.0,5.0
2020-12-27,0.0,,,,,0.0,0.0,0.0,0.0,0.0,39.0,42.0,44.0,39.0,35.0,31.0,31.0,31.0,31.0,31.0,29.0
2020-12-28,0.0,5.0,6.0,30.0,42.0,43.0,44.0,44.0,44.0,42.0,47.0,48.0,41.0,37.0,38.0,35.0,41.0,42.0,42.0,42.0,40.0
2020-12-29,0.0,0.0,1.0,2.0,0.0,1.0,7.0,8.0,6.0,1.0,4.0,5.0,0.0,1.0,0.0,0.0,0.0,0.0,0.0,1.0,0.0
2020-12-30,0.0,0.0,0.0,1.0,0.0,0.0,1.0,2.0,2.0,0.0,1.0,10.0,6.0,6.0,6.0,2.0,2.0,,2.0,2.0,0.0
2020-12-31,2.0,1.0,0.0,1.0,1.0,1.0,0.0,3.0,2.0,0.0,0.0,1.0,1.0,9.0,0.0,0.0,1.0,,,,0.0
2021-01-01,,,,,,,,,,,1.0,3.0,0.0,1.0,0.0,0.0,0.0,1.0,0.0,1.0,0.0
2021-01-02,0.0,0.0,1.0,1.0,0.0,0.0,0.0,0.0,0.0,0.0,3.0,4.0,0.0,0.0,2.0,0.0,2.0,0.0,0.0,2.0,0.0
2021-01-03,0.0,0.0,0.0,1.0,0.0,0.0,0.0,0.0,1.0,0.0,1.0,3.0,0.0,2.0,1.0,1.0,4.0,3.0,,4.0,2.0
2021-01-04,0.0,0.0,0.0,0.0,0.0,0.0,1.0,0.0,5.0,3.0,4.0,7.0,1.0,1.0,3.0,0.0,2.0,2.0,0.0,3.0,0.0
2021-01-05,0.0,0.0,0.0,0.0,0.0,0.0,1.0,4.0,1.0,0.0,18.0,36.0,30.0,27.0,26.0,22.0,26.0,30.0,26.0,25.0,23.0
2021-01-06,0.0,0.0,1.0,1.0,1.0,0.0,1.0,1.0,0.0,0.0,2.0,6.0,2.0,0.0,0.0,0.0,1.0,1.0,,,0.0
2021-01-07,9.0,6.0,4.0,4.0,3.0,2.0,1.0,0.0,0.0,1.0,2.0,5.0,0.0,0.0,1.0,0.0,2.0,0.0,,3.0,0.0
2021-01-08,1.0,0.0,,0.0,0.0,3.0,1.0,8.0,11.0,8.0,7.0,9.0,6.0,4.0,2.0,0.0,2.0,3.0,0.0,2.0,0.0
2021-01-09,1.0,1.0,0.0,3.0,0.0,0.0,0.0,,10.0,3.0,0.0,2.0,1.0,0.0,1.0,3.0,10.0,10.0,10.0,11.0,9.0
2021-01-10,0.0,,0.0,0.0,0.0,2.0,0.0,0.0,1.0,0.0,0.0,1.0,0.0,0.0,0.0,0.0,3.0,3.0,,,0.0
2021-01-11,0.0,0.0,0.0,8.0,7.0,7.0,8.0,6.0,5.0,11.0,20.0,31.0,25.0,27.0,25.0,26.0,28.0,,47.0,47.0,45.0
2021-01-12,1.0,0.0,0.0,0.0,0.0,0.0,2.0,0.0,5.0,2.0,1.0,6.0,7.0,3.0,18.0,16.0,20.0,18.0,18.0,18.0,16.0
2021-01-13,2.0,0.0,0.0,0.0,1.0,0.0,0.0,4.0,1.0,0.0,3.0,11.0,2.0,1.0,0.0,0.0,1.0,3.0,0.0,2.0,0.0
2021-01-14,0.0,0.0,0.0,0.0,3.0,2.0,1.0,6.0,3.0,0.0,1.0,9.0,2.0,0.0,1.0,0.0,3.0,0.0,2.0,2.0,0.0
2021-01-15,0.0,,0.0,0.0,0.0,0.0,,0.0,3.0,1.0,0.0,2.0,1.0,8.0,1.0,0.0,1.0,0.0,0.0,2.0,0.0
2021-01-16,2.0,0.0,0.0,4.0,4.0,,,12.0,14.0,14.0,19.0,24.0,17.0,12.0,11.0,4.0,5.0,4.0,1.0,13.0,11.0
2021-01-17,0.0,,0.0,0.0,0.0,,,2.0,1.0,,2.0,4.0,1.0,3.0,0.0,1.0,2.0,0.0,1.0,5.0,0.0
2021-01-18,0.0,0.0,0.0,1.0,0.0,0.0,4.0,3.0,0.0,0.0,3.0,8.0,3.0,1.0,3.0,2.0,3.0,0.0,,8.0,0.0
2021-01-19,1.0,0.0,1.0,1.0,1.0,0.0,6.0,5.0,1.0,0.0,3.0,4.0,4.0,1.0,0.0,0.0,5.0,5.0,5.0,6.0,4.0
2021-01-20,1.0,0.0,0.0,0.0,1.0,0.0,0.0,0.0,5.0,,4.0,2.0,9.0,4.0,6.0,2.0,4.0,7.0,13.0,18.0,18.0
2021-01-21,0.0,1.0,0.0,3.0,1.0,0.0,0.0,1.0,1.0,,2.0,3.0,1.0,2.0,1.0,2.0,1.0,0.0,7.0,0.0,0.0
2021-01-22,2.0,0.0,1.0,1.0,0.0,0.0,0.0,0.0,0.0,0.0,4.0,3.0,2.0,0.0,2.0,1.0,2.0,0.0,2.0,4.0,3.0
2021-01-23,0.0,0.0,0.0,0.0,0.0,0.0,1.0,0.0,0.0,0.0,1.0,3.0,3.0,4.0,0.0,0.0,1.0,0.0,1.0,2.0,
2021-01-24,3.0,0.0,0.0,0.0,0.0,0.0,2.0,6.0,2.0,2.0,4.0,25.0,19.0,16.0,10.0,6.0,7.0,7.0,7.0,,6.0
2021-01-25,4.0,2.0,2.0,3.0,2.0,2.0,2.0,0.0,0.0,0.0,1.0,3.0,0.0,0.0,4.0,2.0,3.0,2.0,2.0,0.0,0.0
2021-01-26,0.0,0.0,0.0,0.0,0.0,8.0,8.0,8.0,5.0,1.0,4.0,8.0,4.0,0.0,46.0,42.0,44.0,42.0,34.0,38.0,30.0
2021-01-27,4.0,2.0,1.0,1.0,1.0,0.0,1.0,2.0,1.0,1.0,2.0,4.0,0.0,5.0,18.0,42.0,54.0,57.0,52.0,55.0,49.0
2021-01-28,4.0,2.0,1.0,1.0,2.0,1.0,1.0,3.0,46.0,41.0,42.0,48.0,48.0,52.0,45.0,43.0,48.0,48.0,49.0,49.0,40.0
2021-01-29,2.0,1.0,0.0,0.0,0.0,0.0,0.0,2.0,1.0,0.0,5.0,7.0,6.0,3.0,5.0,2.0,4.0,2.0,2.0,0.0,0.0
2021-01-30,1.0,,1.0,1.0,1.0,0.0,1.0,0.0,9.0,5.0,1.0,16.0,14.0,11.0,11.0,12.0,15.0,14.0,14.0,15.0,6.0
2021-01-31,0.0,0.0,0.0,0.0,0.0,0.0,0.0,0.0,0.0,0.0,0.0,2.0,0.0,0.0,5.0,2.0,3.0,2.0,2.0,3.0,0.0
2021-02-01,0.0,0.0,0.0,,0.0,0.0,2.0,0.0,0.0,0.0,1.0,2.0,0.0,2.0,0.0,0.0,2.0,2.0,5.0,7.0,0.0
2021-02-02,0.0,0.0,0.0,0.0,0.0,0.0,0.0,5.0,4.0,2.0,1.0,2.0,3.0,41.0,40.0,38.0,46.0,46.0,47.0,47.0,36.0
2021-02-03,0.0,0.0,1.0,1.0,0.0,0.0,4.0,7.0,6.0,2.0,3.0,4.0,2.0,4.0,4.0,1.0,3.0,0.0,0.0,2.0,0.0
2021-02-04,1.0,3.0,0.0,1.0,0.0,1.0,0.0,0.0,1.0,3.0,5.0,6.0,0.0,1.0,0.0,0.0,0.0,0.0,0.0,1.0,0.0
2021-02-05,3.0,1.0,1.0,1.0,0.0,1.0,1.0,1.0,2.0,1.0,6.0,1.0,0.0,0.0,0.0,0.0,0.0,0.0,1.0,1.0,0.0
2021-02-06,0.0,0.0,0.0,0.0,0.0,0.0,0.0,0.0,0.0,2.0,4.0,2.0,6.0,4.0,0.0,0.0,4.0,4.0,5.0,5.0,0.0
2021-02-07,0.0,0.0,1.0,0.0,4.0,4.0,3.0,1.0,0.0,,14.0,11.0,11.0,11.0,11.0,8.0,12.0,13.0,10.0,8.0,7.0
2021-02-08,0.0,,,,,,,,,,,,,1.0,0.0,0.0,1.0,3.0,2.0,3.0,3.0
2021-02-09,0.0,,,,,4.0,4.0,5.0,1.0,0.0,20.0,29.0,18.0,23.0,18.0,17.0,18.0,16.0,17.0,9.0,7.0
2021-02-10,5.0,2.0,0.0,1.0,1.0,1.0,11.0,9.0,24.0,21.0,24.0,27.0,22.0,27.0,26.0,25.0,38.0,44.0,39.0,37.0,35.0
2021-02-11,1.0,0.0,0.0,1.0,1.0,3.0,8.0,5.0,2.0,5.0,2.0,4.0,7.0,6.0,1.0,4.0,6.0,4.0,0.0,0.0,0.0
2021-02-12,0.0,3.0,8.0,9.0,7.0,7.0,5.0,8.0,10.0,14.0,14.0,15.0,7.0,2.0,8.0,6.0,8.0,8.0,7.0,7.0,6.0
2021-02-13,0.0,0.0,1.0,1.0,2.0,3.0,6.0,6.0,5.0,2.0,4.0,6.0,1.0,2.0,3.0,1.0,2.0,0.0,0.0,0.0,0.0
2021-02-14,0.0,0.0,0.0,0.0,1.0,4.0,4.0,4.0,0.0,2.0,1.0,2.0,0.0,0.0,3.0,2.0,2.0,1.0,1.0,0.0,0.0
2021-02-15,0.0,0.0,1.0,1.0,0.0,0.0,0.0,4.0,11.0,7.0,6.0,10.0,7.0,4.0,3.0,1.0,2.0,0.0,0.0,0.0,0.0
2021-02-16,0.0,0.0,1.0,1.0,0.0,1.0,1.0,3.0,2.0,0.0,1.0,3.0,1.0,8.0,7.0,7.0,9.0,13.0,9.0,0.0,0.0
2021-02-17,0.0,0.0,0.0,0.0,0.0,0.0,6.0,20.0,22.0,15.0,12.0,18.0,9.0,3.0,0.0,0.0,0.0,1.0,0.0,0.0,0.0
2021-02-18,0.0,0.0,0.0,0.0,1.0,0.0,0.0,0.0,2.0,1.0,1.0,2.0,4.0,3.0,3.0,1.0,5.0,5.0,6.0,0.0,4.0
2021-02-19,1.0,0.0,4.0,5.0,4.0,0.0,1.0,0.0,2.0,0.0,2.0,3.0,0.0,0.0,0.0,0.0,1.0,0.0,0.0,0.0,0.0
2021-02-20,0.0,0.0,0.0,0.0,0.0,0.0,0.0,2.0,0.0,0.0,0.0,1.0,1.0,0.0,0.0,0.0,2.0,2.0,0.0,0.0,0.0
2021-02-21,0.0,0.0,1.0,1.0,1.0,0.0,1.0,5.0,4.0,15.0,27.0,29.0,21.0,19.0,2.0,0.0,2.0,2.0,2.0,0.0,0.0
2021-02-22,2.0,1.0,0.0,0.0,4.0,4.0,3.0,1.0,1.0,1.0,3.0,5.0,1.0,0.0,3.0,0.0,2.0,0.0,0.0,0.0,0.0
2021-02-23,1.0,0.0,0.0,0.0,0.0,0.0,1.0,6.0,2.0,1.0,1.0,4.0,0.0,0.0,0.0,0.0,0.0,2.0,0.0,0.0,0.0
2021-02-24,2.0,1.0,2.0,2.0,1.0,0.0,0.0,0.0,14.0,14.0,13.0,11.0,3.0,5.0,5.0,13.0,18.0,16.0,17.0,0.0,0.0
2021-02-25,0.0,0.0,0.0,0.0,0.0,0.0,16.0,38.0,37.0,37.0,40.0,45.0,41.0,37.0,44.0,44.0,45.0,44.0,45.0,0.0,0.0
2021-02-26,1.0,1.0,1.0,0.0,0.0,1.0,5.0,14.0,28.0,25.0,23.0,26.0,18.0,18.0,8.0,3.0,1.0,1.0,0.0,0.0,0.0
2021-02-27,0.0,0.0,0.0,0.0,0.0,0.0,4.0,18.0,18.0,15.0,14.0,14.0,5.0,1.0,1.0,1.0,1.0,1.0,0.0,1.0,0.0
2021-02-28,1.0,0.0,1.0,1.0,0.0,0.0,0.0,2.0,31.0,,47.0,45.0,38.0,34.0,18.0,10.0,10.0,10.0,10.0,11.0,9.0
2021-03-01,0.0,0.0,0.0,1.0,1.0,0.0,1.0,0.0,5.0,2.0,2.0,4.0,0.0,5.0,6.0,3.0,5.0,3.0,3.0,0.0,0.0
2021-03-02,0.0,0.0,1.0,1.0,1.0,0.0,3.0,11.0,15.0,13.0,12.0,15.0,7.0,2.0,4.0,2.0,4.0,2.0,3.0,0.0,0.0
2021-03-03,0.0,0.0,0.0,0.0,3.0,5.0,10.0,11.0,11.0,6.0,8.0,14.0,8.0,6.0,19.0,18.0,20.0,19.0,19.0,13.0,18.0
2021-03-04,0.0,0.0,0.0,1.0,1.0,1.0,1.0,0.0,38.0,34.0,34.0,35.0,30.0,30.0,31.0,28.0,31.0,32.0,31.0,26.0,26.0
2021-03-05,1.0,0.0,1.0,1.0,0.0,1.0,2.0,0.0,1.0,0.0,0.0,1.0,1.0,2.0,0.0,0.0,1.0,1.0,0.0,0.0,0.0
2021-03-06,0.0,0.0,1.0,0.0,0.0,0.0,0.0,0.0,0.0,1.0,1.0,3.0,2.0,2.0,3.0,0.0,3.0,2.0,0.0,0.0,0.0
2021-03-07,0.0,0.0,0.0,0.0,0.0,,5.0,4.0,0.0,1.0,1.0,3.0,0.0,0.0,0.0,0.0,1.0,2.0,0.0,1.0,0.0
2021-03-08,1.0,0.0,0.0,0.0,0.0,0.0,5.0,4.0,1.0,0.0,9.0,14.0,10.0,5.0,5.0,3.0,5.0,3.0,5.0,8.0,7.0
2021-03-09,1.0,0.0,0.0,1.0,0.0,0.0,1.0,0.0,75.0,76.0,70.0,,,,,,,35.0,29.0,26.0,26.0
2021-03-10,0.0,0.0,0.0,0.0,0.0,0.0,4.0,6.0,14.0,14.0,18.0,23.0,19.0,17.0,8.0,4.0,3.0,6.0,1.0,0.0,0.0
2021-03-11,0.0,0.0,0.0,0.0,0.0,1.0,14.0,13.0,11.0,7.0,7.0,9.0,2.0,4.0,3.0,0.0,2.0,1.0,0.0,2.0,0.0
2021-03-12,3.0,1.0,0.0,1.0,1.0,0.0,1.0,2.0,4.0,2.0,4.0,5.0,0.0,1.0,4.0,0.0,2.0,2.0,0.0,1.0,0.0
2021-03-13,0.0,4.0,2.0,1.0,0.0,0.0,2.0,0.0,0.0,0.0,0.0,5.0,2.0,1.0,0.0,0.0,2.0,2.0,2.0,0.0,0.0
2021-03-14,1.0,2.0,0.0,0.0,0.0,1.0,0.0,2.0,10.0,6.0,10.0,9.0,3.0,6.0,,1.0,1.0,1.0,0.0,0.0,0.0
2021-03-15,1.0,1.0,0.0,0.0,1.0,1.0,2.0,1.0,1.0,2.0,3.0,5.0,3.0,4.0,3.0,1.0,2.0,0.0,0.0,1.0,0.0
2021-03-16,1.0,0.0,1.0,0.0,1.0,0.0,0.0,0.0,3.0,3.0,1.0,4.0,5.0,2.0,1.0,0.0,2.0,1.0,0.0,2.0,0.0
2021-03-17,1.0,0.0,0.0,0.0,0.0,12.0,13.0,11.0,15.0,13.0,15.0,15.0,10.0,3.0,3.0,1.0,6.0,4.0,0.0,1.0,0.0
2021-03-18,0.0,0.0,0.0,0.0,1.0,0.0,2.0,3.0,3.0,3.0,3.0,4.0,1.0,0.0,5.0,4.0,2.0,2.0,1.0,2.0,0.0
2021-03-19,0.0,0.0,0.0,1.0,0.0,0.0,0.0,13.0,25.0,18.0,15.0,14.0,7.0,2.0,0.0,1.0,3.0,1.0,0.0,1.0,0.0
2021-03-20,1.0,0.0,1.0,2.0,1.0,0.0,0.0,0.0,0.0,0.0,0.0,3.0,1.0,3.0,0.0,0.0,1.0,1.0,0.0,0.0,0.0
2021-03-21,0.0,0.0,0.0,1.0,1.0,0.0,0.0,0.0,1.0,0.0,0.0,3.0,0.0,0.0,0.0,0.0,1.0,1.0,0.0,0.0,0.0
2021-03-22,1.0,0.0,1.0,1.0,2.0,1.0,1.0,1.0,5.0,1.0,0.0,2.0,2.0,2.0,3.0,7.0,8.0,6.0,4.0,0.0,0.0
2021-03-23,2.0,1.0,0.0,1.0,0.0,1.0,5.0,4.0,4.0,4.0,2.0,4.0,5.0,2.0,5.0,2.0,1.0,2.0,0.0,0.0,0.0
2021-03-24,0.0,0.0,0.0,0.0,0.0,3.0,2.0,0.0,4.0,1.0,4.0,5.0,1.0,3.0,1.0,0.0,1.0,1.0,0.0,0.0,0.0
2021-03-25,0.0,0.0,0.0,0.0,0.0,1.0,1.0,0.0,1.0,2.0,5.0,7.0,3.0,1.0,2.0,0.0,1.0,4.0,0.0,0.0,0.0
2021-03-26,0.0,0.0,1.0,1.0,0.0,1.0,2.0,1.0,3.0,3.0,5.0,7.0,2.0,14.0,13.0,9.0,11.0,11.0,3.0,0.0,0.0
2021-03-27,0.0,1.0,0.0,1.0,4.0,0.0,1.0,0.0,0.0,0.0,45.0,,40.0,33.0,32.0,28.0,31.0,29.0,27.0,29.0,29.0
2021-03-28,0.0,0.0,0.0,0.0,1.0,2.0,1.0,1.0,0.0,0.0,1.0,2.0,0.0,0.0,0.0,1.0,1.0,3.0,1.0,0.0,0.0
2021-03-29,0.0,1.0,0.0,0.0,3.0,0.0,1.0,0.0,0.0,0.0,7.0,6.0,0.0,1.0,0.0,124.0,126.0,125.0,106.0,,0.0
2021-03-30,0.0,0.0,0.0,0.0,2.0,1.0,11.0,8.0,4.0,7.0,7.0,14.0,5.0,2.0,1.0,0.0,3.0,3.0,0.0,2.0,0.0
2021-03-31,0.0,1.0,1.0,1.0,2.0,0.0,2.0,8.0,34.0,31.0,31.0,34.0,30.0,29.0,33.0,31.0,31.0,30.0,30.0,17.0,16.0
2021-04-01,0.0,1.0,0.0,1.0,1.0,0.0,2.0,8.0,21.0,18.0,16.0,18.0,12.0,11.0,8.0,6.0,7.0,5.0,6.0,2.0,0.0
2021-04-02,0.0,0.0,0.0,1.0,2.0,0.0,0.0,0.0,,,0.0,3.0,0.0,0.0,0.0,0.0,1.0,1.0,0.0,0.0,0.0
2021-04-03,0.0,0.0,0.0,1.0,0.0,0.0,1.0,0.0,,,1.0,1.0,1.0,3.0,0.0,0.0,1.0,0.0,0.0,0.0,0.0
2021-04-04,0.0,0.0,0.0,0.0,1.0,0.0,1.0,1.0,,,0.0,3.0,1.0,1.0,1.0,0.0,2.0,2.0,3.0,0.0,0.0
2021-04-05,0.0,0.0,0.0,0.0,1.0,0.0,2.0,0.0,,,1.0,2.0,2.0,1.0,0.0,1.0,3.0,0.0,0.0,3.0,0.0
2021-04-06,0.0,0.0,0.0,0.0,1.0,0.0,2.0,0.0,2.0,0.0,0.0,3.0,3.0,2.0,5.0,3.0,5.0,,0.0,0.0,0.0
2021-04-07,0.0,0.0,0.0,0.0,1.0,0.0,6.0,13.0,17.0,15.0,14.0,17.0,11.0,4.0,1.0,4.0,4.0,7.0,2.0,0.0,0.0
2021-04-08,0.0,1.0,0.0,0.0,3.0,0.0,0.0,0.0,0.0,0.0,16.0,25.0,32.0,27.0,26.0,23.0,25.0,21.0,0.0,0.0,0.0
2021-04-09,0.0,0.0,0.0,1.0,5.0,0.0,1.0,0.0,1.0,0.0,0.0,4.0,0.0,6.0,61.0,58.0,60.0,57.0,57.0,57.0,55.0
2021-04-10,0.0,0.0,0.0,0.0,0.0,0.0,0.0,0.0,0.0,0.0,0.0,6.0,4.0,0.0,0.0,0.0,0.0,1.0,1.0,0.0,0.0
2021-04-11,,,,,0.0,6.0,4.0,1.0,0.0,0.0,1.0,0.0,0.0,2.0,2.0,10.0,11.0,11.0,6.0,4.0,4.0
2021-04-12,,,,,0.0,0.0,0.0,0.0,,,8.0,5.0,1.0,0.0,3.0,8.0,12.0,11.0,5.0,0.0,0.0
2021-04-13,1.0,0.0,0.0,2.0,1.0,1.0,1.0,0.0,,,0.0,1.0,1.0,1.0,6.0,4.0,5.0,,0.0,0.0,0.0
2021-04-14,0.0,0.0,0.0,0.0,0.0,0.0,3.0,2.0,,,0.0,2.0,1.0,0.0,0.0,74.0,75.0,69.0,64.0,63.0,61.0
2021-04-15,0.0,0.0,0.0,1.0,1.0,1.0,1.0,4.0,6.0,6.0,2.0,3.0,1.0,2.0,2.0,0.0,1.0,0.0,0.0,0.0,0.0
2021-04-16,0.0,0.0,0.0,0.0,0.0,0.0,0.0,2.0,4.0,1.0,0.0,1.0,0.0,1.0,1.0,0.0,4.0,0.0,0.0,0.0,0.0
2021-04-17,0.0,2.0,2.0,1.0,1.0,0.0,1.0,2.0,0.0,1.0,0.0,1.0,6.0,0.0,0.0,5.0,2.0,0.0,0.0,0.0,0.0
2021-04-18,0.0,0.0,0.0,0.0,0.0,0.0,1.0,0.0,0.0,0.0,1.0,2.0,0.0,106.0,,,,2.0,0.0,1.0,0.0
2021-04-19,0.0,0.0,0.0,2.0,0.0,0.0,4.0,9.0,15.0,14.0,11.0,14.0,3.0,0.0,2.0,0.0,3.0,1.0,0.0,0.0,0.0
2021-04-20,3.0,1.0,0.0,0.0,0.0,0.0,1.0,3.0,6.0,4.0,2.0,2.0,0.0,1.0,1.0,0.0,2.0,1.0,0.0,36.0,36.0
2021-04-21,0.0,0.0,0.0,0.0,0.0,2.0,5.0,7.0,15.0,16.0,14.0,14.0,3.0,1.0,2.0,0.0,6.0,8.0,4.0,2.0,0.0
2021-04-22,0.0,0.0,0.0,8.0,7.0,12.0,12.0,8.0,10.0,10.0,10.0,15.0,5.0,0.0,2.0,0.0,3.0,0.0,0.0,0.0,0.0
2021-04-23,0.0,1.0,0.0,4.0,,21.0,23.0,22.0,22.0,15.0,13.0,15.0,9.0,6.0,3.0,1.0,2.0,,0.0,0.0,3.0
2021-04-24,2.0,0.0,1.0,2.0,1.0,0.0,,,,,,,,,,,,34.0,0.0,0.0,0.0
2021-04-25,1.0,0.0,0.0,0.0,0.0,0.0,0.0,0.0,0.0,0.0,1.0,2.0,0.0,0.0,0.0,0.0,0.0,0.0,0.0,0.0,0.0
2021-04-26,1.0,0.0,5.0,6.0,4.0,1.0,1.0,2.0,0.0,8.0,2.0,3.0,3.0,4.0,4.0,2.0,3.0,6.0,0.0,0.0,0.0
2021-04-27,0.0,0.0,0.0,0.0,0.0,1.0,1.0,1.0,2.0,3.0,3.0,3.0,1.0,1.0,1.0,0.0,1.0,,2.0,0.0,0.0
2021-04-28,0.0,1.0,0.0,0.0,0.0,3.0,4.0,4.0,5.0,2.0,6.0,7.0,0.0,0.0,2.0,0.0,4.0,8.0,4.0,0.0,0.0
2021-04-29,0.0,0.0,0.0,0.0,0.0,2.0,3.0,1.0,6.0,3.0,3.0,5.0,0.0,0.0,0.0,0.0,1.0,,0.0,0.0,0.0
2021-04-30,1.0,0.0,0.0,0.0,1.0,0.0,1.0,0.0,0.0,0.0,3.0,3.0,0.0,1.0,0.0,0.0,2.0,1.0,2.0,1.0,1.0
2021-05-01,0.0,0.0,0.0,1.0,0.0,0.0,0.0,0.0,1.0,1.0,0.0,1.0,1.0,0.0,2.0,0.0,2.0,0.0,1.0,1.0,0.0
2021-05-02,0.0,0.0,0.0,1.0,0.0,0.0,0.0,0.0,0.0,0.0,0.0,1.0,0.0,0.0,0.0,0.0,1.0,0.0,0.0,0.0,0.0
2021-05-03,4.0,2.0,6.0,6.0,11.0,11.0,12.0,9.0,13.0,8.0,4.0,3.0,5.0,0.0,1.0,3.0,3.0,1.0,1.0,0.0,0.0
2021-05-04,0.0,,1.0,1.0,0.0,1.0,0.0,0.0,2.0,0.0,2.0,3.0,3.0,1.0,1.0,3.0,5.0,8.0,3.0,0.0,0.0
2021-05-05,,0.0,0.0,0.0,1.0,1.0,2.0,0.0,9.0,7.0,7.0,14.0,9.0,9.0,10.0,8.0,,,13.0,0.0,0.0
2021-05-06,,,,0.0,0.0,0.0,2.0,0.0,1.0,0.0,1.0,2.0,6.0,7.0,0.0,0.0,3.0,0.0,0.0,1.0,0.0
2021-05-07,0.0,0.0,2.0,2.0,2.0,2.0,2.0,2.0,3.0,5.0,9.0,12.0,2.0,4.0,1.0,1.0,9.0,7.0,2.0,0.0,0.0
2021-05-08,,,,2.0,3.0,3.0,2.0,0.0,2.0,0.0,3.0,6.0,0.0,0.0,2.0,0.0,2.0,1.0,1.0,0.0,0.0
2021-05-09,0.0,0.0,0.0,0.0,0.0,1.0,1.0,0.0,0.0,0.0,0.0,2.0,0.0,2.0,0.0,0.0,3.0,0.0,0.0,0.0,0.0
2021-05-10,0.0,0.0,0.0,0.0,0.0,0.0,1.0,0.0,1.0,4.0,0.0,2.0,3.0,5.0,0.0,1.0,2.0,1.0,0.0,0.0,0.0
2021-05-11,0.0,0.0,0.0,1.0,0.0,0.0,2.0,0.0,10.0,11.0,9.0,12.0,1.0,1.0,0.0,0.0,0.0,2.0,1.0,1.0,0.0
2021-05-12,0.0,0.0,1.0,3.0,1.0,0.0,0.0,0.0,6.0,2.0,1.0,2.0,30.0,7.0,9.0,6.0,6.0,1.0,0.0,0.0,0.0
2021-05-13,0.0,,,,11.0,11.0,7.0,3.0,0.0,0.0,1.0,2.0,1.0,5.0,2.0,0.0,4.0,1.0,0.0,0.0,0.0
2021-05-14,0.0,0.0,1.0,1.0,0.0,,,5.0,6.0,,5.0,6.0,0.0,0.0,0.0,0.0,1.0,,0.0,0.0,0.0
2021-05-15,0.0,0.0,1.0,1.0,0.0,8.0,13.0,12.0,9.0,4.0,1.0,2.0,0.0,2.0,0.0,0.0,1.0,0.0,0.0,2.0,0.0
2021-05-16,1.0,6.0,5.0,9.0,8.0,8.0,12.0,11.0,13.0,,5.0,8.0,0.0,1.0,0.0,0.0,1.0,2.0,0.0,0.0,0.0
2021-05-17,2.0,1.0,0.0,0.0,1.0,3.0,8.0,12.0,12.0,8.0,5.0,4.0,0.0,0.0,0.0,3.0,1.0,2.0,0.0,0.0,0.0
2021-05-18,2.0,,9.0,8.0,7.0,7.0,11.0,7.0,10.0,7.0,7.0,9.0,4.0,0.0,0.0,0.0,2.0,4.0,0.0,1.0,0.0
2021-05-19,2.0,0.0,0.0,0.0,0.0,0.0,2.0,0.0,0.0,1.0,3.0,3.0,2.0,1.0,5.0,1.0,0.0,0.0,0.0,0.0,0.0
2021-05-20,1.0,0.0,0.0,0.0,0.0,0.0,0.0,0.0,6.0,4.0,9.0,10.0,11.0,1.0,1.0,0.0,2.0,0.0,0.0,0.0,0.0
2021-05-21,0.0,0.0,0.0,0.0,0.0,0.0,0.0,3.0,1.0,3.0,3.0,6.0,3.0,0.0,1.0,0.0,3.0,0.0,0.0,0.0,0.0
2021-05-22,1.0,,,,3.0,5.0,4.0,5.0,5.0,2.0,3.0,7.0,2.0,0.0,3.0,0.0,2.0,2.0,0.0,1.0,0.0
2021-05-23,2.0,,,,6.0,4.0,2.0,2.0,2.0,0.0,3.0,20.0,2.0,1.0,1.0,0.0,3.0,7.0,2.0,2.0,0.0
2021-05-24,0.0,,,,3.0,1.0,0.0,0.0,0.0,2.0,10.0,11.0,5.0,0.0,1.0,0.0,4.0,4.0,1.0,1.0,0.0
2021-05-25,0.0,,,,3.0,4.0,4.0,3.0,4.0,3.0,7.0,12.0,9.0,6.0,6.0,5.0,7.0,2.0,,0.0,0.0
2021-05-26,2.0,,,,2.0,0.0,8.0,9.0,38.0,,44.0,47.0,44.0,38.0,44.0,47.0,55.0,54.0,49.0,0.0,0.0
2021-05-27,,,,,0.0,0.0,5.0,0.0,2.0,1.0,0.0,7.0,2.0,1.0,0.0,0.0,0.0,1.0,0.0,0.0,0.0
2021-05-28,0.0,,,,0.0,,7.0,1.0,11.0,3.0,1.0,3.0,0.0,4.0,0.0,0.0,2.0,1.0,0.0,4.0,4.0
2021-05-29,,,,,7.0,6.0,,9.0,7.0,4.0,3.0,9.0,1.0,1.0,0.0,1.0,4.0,9.0,4.0,3.0,0.0
2021-05-30,0.0,,,,0.0,0.0,3.0,0.0,0.0,0.0,6.0,11.0,0.0,1.0,0.0,0.0,0.0,0.0,0.0,1.0,0.0
2021-05-31,1.0,,,,6.0,0.0,3.0,0.0,14.0,13.0,12.0,15.0,4.0,3.0,3.0,0.0,1.0,0.0,0.0,1.0,1.0
2021-06-01,0.0,,,,14.0,3.0,4.0,6.0,42.0,40.0,41.0,42.0,30.0,23.0,14.0,10.0,15.0,2.0,16.0,15.0,14.0
2021-06-02,0.0,,,,2.0,1.0,4.0,0.0,6.0,0.0,5.0,8.0,0.0,0.0,0.0,1.0,4.0,5.0,6.0,5.0,2.0
2021-06-03,0.0,,,,2.0,1.0,1.0,0.0,0.0,0.0,0.0,4.0,1.0,3.0,0.0,0.0,10.0,10.0,12.0,10.0,9.0
2021-06-04,0.0,,,,2.0,0.0,3.0,0.0,0.0,0.0,0.0,1.0,0.0,0.0,5.0,4.0,1.0,0.0,2.0,2.0,1.0
2021-06-05,0.0,0.0,0.0,1.0,1.0,0.0,4.0,0.0,1.0,1.0,1.0,3.0,0.0,4.0,3.0,0.0,0.0,1.0,1.0,3.0,2.0
2021-06-06,1.0,1.0,0.0,0.0,1.0,10.0,7.0,4.0,0.0,2.0,21.0,24.0,12.0,,0.0,2.0,8.0,8.0,10.0,13.0,12.0
2021-06-07,0.0,,,3.0,0.0,2.0,5.0,2.0,6.0,3.0,5.0,10.0,2.0,0.0,0.0,1.0,5.0,5.0,4.0,5.0,4.0
2021-06-08,0.0,,,0.0,0.0,6.0,1.0,0.0,7.0,2.0,1.0,2.0,0.0,1.0,0.0,0.0,6.0,,0.0,0.0,
2021-06-09,0.0,,,56.0,50.0,37.0,33.0,26.0,28.0,22.0,21.0,23.0,17.0,1.0,0.0,0.0,7.0,5.0,,,
2021-06-10,,,,0.0,0.0,0.0,2.0,0.0,5.0,0.0,2.0,4.0,0.0,0.0,0.0,0.0,0.0,2.0,0.0,0.0,16.0
2021-06-11,,,,9.0,3.0,2.0,0.0,0.0,8.0,4.0,0.0,0.0,1.0,0.0,0.0,2.0,0.0,7.0,1.0,0.0,1.0
2021-06-12,0.0,,,0.0,,,,0.0,2.0,5.0,,11.0,9.0,0.0,0.0,0.0,14.0,12.0,7.0,8.0,6.0
2021-06-13,1.0,,,3.0,1.0,4.0,0.0,0.0,0.0,10.0,,6.0,6.0,0.0,0.0,1.0,0.0,12.0,11.0,12.0,11.0
2021-06-14,1.0,,,5.0,1.0,5.0,2.0,0.0,17.0,13.0,14.0,15.0,2.0,1.0,0.0,1.0,7.0,4.0,0.0,0.0,0.0
2021-06-15,0.0,,,2.0,0.0,0.0,0.0,0.0,4.0,0.0,2.0,3.0,0.0,0.0,0.0,0.0,1.0,0.0,0.0,1.0,0.0
2021-06-16,1.0,,,2.0,1.0,8.0,12.0,8.0,7.0,3.0,3.0,6.0,0.0,2.0,1.0,0.0,0.0,7.0,8.0,7.0,0.0
2021-06-17,,0.0,0.0,0.0,1.0,14.0,11.0,5.0,13.0,16.0,14.0,15.0,0.0,1.0,0.0,1.0,0.0,0.0,0.0,0.0,0.0
2021-06-18,1.0,,,9.0,7.0,6.0,10.0,2.0,5.0,5.0,,17.0,19.0,13.0,22.0,23.0,16.0,16.0,13.0,0.0,0.0
2021-06-19,,,,30.0,26.0,26.0,18.0,18.0,18.0,12.0,,9.0,0.0,0.0,0.0,0.0,0.0,3.0,1.0,0.0,0.0
2021-06-20,0.0,,,6.0,6.0,3.0,0.0,0.0,0.0,0.0,,17.0,15.0,15.0,13.0,13.0,0.0,0.0,0.0,0.0,0.0
2021-06-21,0.0,,,3.0,3.0,4.0,0.0,4.0,4.0,10.0,,3.0,28.0,18.0,15.0,50.0,55.0,58.0,57.0,57.0,59.0
2021-06-22,,,,,15.0,23.0,14.0,17.0,15.0,16.0,,20.0,20.0,18.0,20.0,0.0,2.0,5.0,2.0,2.0,1.0
2021-06-23,0.0,,,8.0,0.0,4.0,0.0,10.0,9.0,8.0,,2.0,0.0,15.0,3.0,3.0,4.0,5.0,3.0,3.0,0.0
2021-06-24,0.0,,,10.0,9.0,8.0,5.0,1.0,6.0,,,2.0,23.0,7.0,20.0,20.0,16.0,16.0,14.0,12.0,10.0
2021-06-25,0.0,,,4.0,0.0,9.0,9.0,10.0,8.0,10.0,,3.0,1.0,0.0,0.0,0.0,0.0,6.0,4.0,5.0,0.0
2021-06-26,0.0,,,0.0,0.0,0.0,0.0,3.0,0.0,7.0,,0.0,0.0,24.0,3.0,0.0,0.0,3.0,1.0,1.0,0.0
2021-06-27,,,,0.0,0.0,0.0,0.0,0.0,0.0,4.0,,16.0,16.0,16.0,0.0,0.0,0.0,0.0,2.0,0.0,0.0
2021-06-28,0.0,,,0.0,6.0,4.0,9.0,2.0,5.0,7.0,,12.0,18.0,12.0,23.0,21.0,18.0,2.0,0.0,1.0,0.0
2021-06-29,0.0,,,11.0,6.0,5.0,3.0,0.0,1.0,0.0,,10.0,5.0,1.0,6.0,0.0,0.0,0.0,0.0,1.0,0.0
2021-06-30,0.0,,,6.0,5.0,4.0,8.0,21.0,19.0,18.0,,30.0,27.0,21.0,26.0,23.0,19.0,7.0,5.0,1.0,1.0
2021-07-01,7.0,,,11.0,9.0,8.0,9.0,11.0,9.0,8.0,,13.0,21.0,45.0,42.0,40.0,20.0,20.0,20.0,18.0,16.0
2021-07-02,0.0,,,8.0,8.0,5.0,0.0,0.0,20.0,20.0,,20.0,35.0,35.0,5.0,0.0,0.0,1.0,0.0,4.0,0.0
2021-07-03,0.0,1.0,4.0,0.0,1.0,1.0,1.0,0.0,1.0,0.0,11.0,14.0,5.0,13.0,14.0,11.0,14.0,13.0,4.0,14.0,13.0
2021-07-04,1.0,1.0,0.0,1.0,3.0,1.0,1.0,0.0,0.0,0.0,1.0,2.0,0.0,0.0,3.0,0.0,0.0,2.0,3.0,3.0,3.0
2021-07-05,0.0,0.0,1.0,0.0,9.0,0.0,1.0,2.0,2.0,0.0,10.0,16.0,9.0,11.0,10.0,8.0,7.0,8.0,10.0,3.0,10.0
2021-07-06,1.0,1.0,1.0,0.0,2.0,0.0,3.0,4.0,3.0,0.0,1.0,3.0,0.0,1.0,0.0,0.0,0.0,1.0,0.0,2.0,0.0
2021-07-07,0.0,1.0,0.0,1.0,,0.0,3.0,1.0,3.0,,1.0,2.0,1.0,10.0,9.0,10.0,12.0,,63.0,62.0,
2021-07-08,0.0,1.0,0.0,0.0,1.0,0.0,0.0,,,,3.0,18.0,10.0,17.0,16.0,13.0,12.0,,23.0,24.0,23.0
2021-07-09,1.0,2.0,0.0,0.0,1.0,1.0,1.0,0.0,3.0,1.0,0.0,3.0,0.0,5.0,3.0,0.0,0.0,0.0,3.0,3.0,3.0
2021-07-10,1.0,2.0,1.0,0.0,6.0,1.0,1.0,0.0,2.0,5.0,17.0,20.0,12.0,12.0,11.0,160.0,7.0,10.0,7.0,5.0,1.0
2021-07-11,0.0,1.0,0.0,0.0,0.0,0.0,1.0,1.0,,5.0,5.0,8.0,0.0,1.0,2.0,2.0,0.0,0.0,0.0,0.0,0.0
2021-07-12,0.0,1.0,0.0,0.0,2.0,0.0,2.0,0.0,3.0,1.0,4.0,6.0,5.0,9.0,8.0,6.0,6.0,7.0,2.0,1.0,0.0
2021-07-13,0.0,1.0,0.0,0.0,4.0,0.0,0.0,5.0,1.0,2.0,4.0,5.0,1.0,2.0,0.0,1.0,0.0,3.0,1.0,2.0,0.0
2021-07-14,13.0,13.0,12.0,7.0,6.0,27.0,27.0,31.0,32.0,34.0,32.0,39.0,62.0,64.0,64.0,67.0,67.0,76.0,74.0,72.0,70.0
2021-07-15,0.0,,,,,,,,,,0.0,13.0,8.0,16.0,16.0,15.0,14.0,16.0,13.0,12.0,10.0
2021-07-16,0.0,9.0,9.0,3.0,7.0,5.0,,43.0,41.0,40.0,65.0,66.0,57.0,75.0,72.0,0.0,0.0,73.0,71.0,69.0,67.0
2021-07-17,0.0,,18.0,16.0,31.0,33.0,,54.0,50.0,51.0,48.0,53.0,46.0,50.0,49.0,1.0,0.0,53.0,48.0,47.0,44.0
2021-07-18,0.0,,10.0,6.0,7.0,1.0,4.0,11.0,11.0,,9.0,15.0,17.0,18.0,18.0,15.0,14.0,29.0,21.0,25.0,24.0
2021-07-19,0.0,3.0,1.0,0.0,1.0,2.0,0.0,9.0,6.0,2.0,0.0,3.0,4.0,1.0,2.0,0.0,0.0,1.0,0.0,2.0,0.0
2021-07-20,0.0,7.0,8.0,4.0,11.0,8.0,3.0,10.0,6.0,3.0,1.0,5.0,4.0,25.0,32.0,31.0,42.0,45.0,38.0,39.0,37.0
2021-07-21,0.0,3.0,1.0,0.0,2.0,1.0,14.0,22.0,35.0,36.0,42.0,44.0,37.0,35.0,40.0,39.0,38.0,63.0,51.0,52.0,50.0
2021-07-22,0.0,3.0,1.0,0.0,3.0,3.0,10.0,19.0,24.0,22.0,20.0,24.0,19.0,20.0,21.0,20.0,25.0,25.0,22.0,26.0,19.0
2021-07-23,0.0,1.0,0.0,0.0,1.0,0.0,5.0,15.0,12.0,12.0,12.0,15.0,7.0,11.0,9.0,0.0,0.0,6.0,4.0,2.0,0.0
2021-07-24,0.0,1.0,0.0,0.0,2.0,1.0,0.0,12.0,8.0,13.0,15.0,17.0,10.0,10.0,9.0,8.0,7.0,7.0,1.0,3.0,1.0
2021-07-25,0.0,1.0,1.0,0.0,2.0,0.0,0.0,7.0,3.0,2.0,4.0,8.0,2.0,0.0,3.0,2.0,0.0,4.0,10.0,9.0,0.0
2021-07-26,1.0,1.0,2.0,0.0,2.0,0.0,0.0,0.0,0.0,1.0,8.0,14.0,10.0,12.0,12.0,10.0,9.0,11.0,9.0,11.0,10.0
2021-07-27,1.0,2.0,2.0,0.0,1.0,1.0,0.0,0.0,6.0,3.0,8.0,9.0,2.0,1.0,0.0,0.0,2.0,4.0,1.0,1.0,0.0
2021-07-28,0.0,0.0,5.0,1.0,3.0,3.0,5.0,8.0,5.0,2.0,2.0,3.0,4.0,6.0,5.0,4.0,0.0,3.0,0.0,1.0,0.0
2021-07-29,0.0,1.0,0.0,0.0,1.0,0.0,1.0,0.0,0.0,0.0,3.0,4.0,3.0,3.0,3.0,0.0,0.0,2.0,0.0,1.0,0.0
2021-07-30,1.0,1.0,0.0,0.0,4.0,3.0,3.0,3.0,1.0,1.0,3.0,7.0,3.0,1.0,0.0,0.0,0.0,0.0,0.0,2.0,0.0
2021-07-31,0.0,1.0,0.0,0.0,3.0,0.0,0.0,0.0,1.0,2.0,3.0,5.0,4.0,4.0,5.0,0.0,0.0,4.0,5.0,9.0,9.0
2021-08-01,1.0,1.0,1.0,1.0,3.0,0.0,0.0,0.0,0.0,1.0,4.0,5.0,0.0,3.0,1.0,0.0,0.0,4.0,2.0,1.0,0.0
2021-08-02,0.0,1.0,1.0,0.0,3.0,0.0,3.0,3.0,1.0,0.0,4.0,7.0,3.0,3.0,12.0,10.0,10.0,13.0,13.0,5.0,9.0
2021-08-03,0.0,1.0,0.0,1.0,2.0,0.0,3.0,3.0,5.0,3.0,1.0,2.0,0.0,1.0,5.0,2.0,0.0,2.0,0.0,1.0,1.0
2021-08-04,0.0,0.0,0.0,0.0,0.0,0.0,0.0,0.0,2.0,0.0,7.0,3.0,0.0,9.0,13.0,11.0,10.0,13.0,11.0,9.0,7.0
2021-08-05,0.0,0.0,0.0,0.0,10.0,10.0,0.0,0.0,3.0,8.0,6.0,10.0,5.0,7.0,1.0,0.0,0.0,3.0,3.0,3.0,0.0
2021-08-06,0.0,0.0,0.0,0.0,0.0,0.0,0.0,0.0,31.0,35.0,41.0,32.0,18.0,18.0,20.0,20.0,20.0,20.0,18.0,16.0,14.0
2021-08-07,0.0,0.0,0.0,0.0,0.0,0.0,0.0,0.0,1.0,0.0,7.0,1.0,1.0,2.0,6.0,4.0,0.0,5.0,0.0,1.0,0.0
2021-08-08,0.0,0.0,0.0,0.0,0.0,0.0,0.0,0.0,5.0,4.0,1.0,5.0,13.0,10.0,11.0,7.0,8.0,8.0,5.0,26.0,1.0
2021-08-09,0.0,0.0,0.0,0.0,0.0,0.0,0.0,0.0,0.0,6.0,14.0,10.0,2.0,4.0,4.0,1.0,0.0,3.0,1.0,3.0,1.0
2021-08-10,0.0,0.0,0.0,0.0,0.0,0.0,0.0,0.0,7.0,5.0,12.0,4.0,4.0,21.0,16.0,14.0,11.0,27.0,18.0,17.0,5.0
2021-08-11,0.0,,,,,,,,,,,,,,,,,6.0,4.0,0.0,0.0
2021-08-12,0.0,,,,,,,,,,,,,,,,0.0,0.0,0.0,1.0,0.0
2021-08-13,15.0,15.0,13.0,13.0,11.0,0.0,0.0,0.0,11.0,11.0,29.0,20.0,29.0,26.0,21.0,21.0,21.0,20.0,17.0,19.0,18.0
2021-08-14,0.0,0.0,0.0,0.0,3.0,5.0,4.0,2.0,0.0,0.0,6.0,14.0,7.0,10.0,11.0,0.0,0.0,9.0,7.0,5.0,1.0
2021-08-15,34.0,31.0,29.0,27.0,25.0,27.0,25.0,23.0,18.0,16.0,31.0,31.0,25.0,20.0,25.0,22.0,21.0,23.0,19.0,23.0,21.0
2021-08-16,1.0,,,,1.0,2.0,2.0,0.0,3.0,0.0,2.0,3.0,1.0,1.0,2.0,0.0,0.0,4.0,0.0,1.0,0.0
2021-08-17,1.0,,,,1.0,0.0,0.0,4.0,5.0,,6.0,9.0,5.0,17.0,16.0,14.0,14.0,16.0,19.0,24.0,9.0
2021-08-18,1.0,,,,0.0,1.0,2.0,8.0,7.0,3.0,18.0,24.0,15.0,16.0,15.0,12.0,11.0,15.0,12.0,11.0,5.0
2021-08-19,0.0,,,,2.0,10.0,11.0,11.0,11.0,10.0,16.0,24.0,20.0,28.0,29.0,32.0,29.0,30.0,29.0,21.0,25.0
2021-08-20,0.0,,,,6.0,6.0,5.0,10.0,9.0,9.0,5.0,7.0,0.0,0.0,0.0,0.0,0.0,1.0,0.0,2.0,0.0
2021-08-21,0.0,1.0,3.0,3.0,6.0,9.0,10.0,21.0,18.0,15.0,12.0,14.0,7.0,14.0,43.0,42.0,84.0,45.0,48.0,48.0,47.0
2021-08-22,2.0,0.0,1.0,1.0,1.0,0.0,1.0,18.0,14.0,15.0,18.0,21.0,14.0,17.0,17.0,14.0,15.0,14.0,14.0,15.0,14.0
2021-08-23,0.0,,,,,,,,,,,,,,,,0.0,0.0,0.0,1.0,0.0
2021-08-24,0.0,,,,,,,,,,,,,,,,0.0,0.0,0.0,1.0,0.0
2021-08-25,0.0,0.0,3.0,7.0,6.0,8.0,8.0,13.0,15.0,15.0,13.0,17.0,8.0,4.0,4.0,2.0,0.0,5.0,6.0,6.0,6.0
2021-08-26,2.0,0.0,0.0,1.0,2.0,0.0,3.0,6.0,4.0,3.0,5.0,13.0,4.0,3.0,2.0,0.0,2.0,5.0,3.0,7.0,5.0
2021-08-27,1.0,0.0,1.0,4.0,3.0,1.0,6.0,8.0,5.0,4.0,3.0,4.0,0.0,1.0,4.0,1.0,0.0,3.0,2.0,3.0,2.0
2021-08-28,2.0,1.0,0.0,1.0,3.0,1.0,5.0,10.0,13.0,13.0,20.0,21.0,14.0,11.0,12.0,0.0,0.0,24.0,26.0,29.0,21.0
2021-08-29,1.0,1.0,0.0,1.0,1.0,0.0,2.0,1.0,0.0,0.0,1.0,4.0,0.0,1.0,2.0,3.0,0.0,5.0,6.0,6.0,6.0
2021-08-30,0.0,0.0,0.0,0.0,2.0,1.0,2.0,0.0,1.0,3.0,3.0,7.0,8.0,3.0,4.0,2.0,0.0,3.0,14.0,13.0,3.0
2021-08-31,2.0,0.0,0.0,1.0,0.0,0.0,1.0,1.0,3.0,0.0,3.0,15.0,11.0,9.0,8.0,5.0,10.0,9.0,8.0,9.0,0.0
2021-09-01,0.0,0.0,0.0,0.0,0.0,,,1.0,1.0,0.0,16.0,24.0,22.0,20.0,26.0,23.0,26.0,26.0,21.0,27.0,15.0
2021-09-02,0.0,,,,,,,,,,,,,,,,0.0,0.0,0.0,3.0,3.0
2021-09-03,0.0,,,,,,,,,,,,,,,,,0.0,0.0,1.0,0.0
2021-09-04,0.0,,,,,,,,,,,,,,,,0.0,1.0,0.0,1.0,0.0
2021-09-05,0.0,,,,,,,,0.0,0.0,,,,,,,,0.0,0.0,0.0,0.0
2021-09-06,0.0,,,,,,,,,,,,,,,,,6.0,0.0,6.0,6.0
2021-09-07,0.0,,6.0,6.0,4.0,4.0,2.0,1.0,1.0,3.0,13.0,17.0,14.0,21.0,22.0,19.0,18.0,18.0,18.0,14.0,19.0
2021-09-08,0.0,0.0,0.0,0.0,0.0,0.0,2.0,5.0,3.0,0.0,6.0,9.0,1.0,1.0,15.0,14.0,20.0,24.0,20.0,29.0,20.0
2021-09-09,0.0,0.0,0.0,0.0,0.0,1.0,59.0,2.0,2.0,,2.0,4.0,1.0,1.0,2.0,0.0,0.0,2.0,3.0,2.0,3.0
2021-09-10,1.0,0.0,2.0,4.0,2.0,10.0,12.0,16.0,22.0,18.0,21.0,27.0,21.0,21.0,20.0,20.0,19.0,28.0,27.0,23.0,27.0
2021-09-11,0.0,0.0,0.0,0.0,1.0,6.0,1.0,3.0,4.0,0.0,78.0,79.0,74.0,81.0,87.0,0.0,0.0,99.0,,,0.0
2021-09-12,0.0,3.0,1.0,0.0,0.0,1.0,1.0,2.0,2.0,7.0,8.0,15.0,7.0,4.0,5.0,2.0,0.0,10.0,5.0,5.0,4.0
